ID,Type,UGS,Nom,Publié,"Mis en avant ?","Visibilité dans le catalogue","Description courte",Description,"Date de début de promo","Date de fin de promo","État de la TVA","Classe de TVA","En stock ?",Stock,"Montant de stock faible","Autoriser les commandes de produits en rupture ?","Vendre individuellement ?","Poids (kg)","Longueur (cm)","Largeur (cm)","Hauteur (cm)","Autoriser les avis clients ?","Note de commande","Tarif promo","Tarif régulier",Catégories,Étiquettes,"Classe d’expédition",Images,"Limite de téléchargement","Jours d’expiration du téléchargement",Parent,"Groupes de produits","Produits suggérés","Ventes croisées","URL externe","Libellé du bouton",Position,"Swatches Attributes","Nom de l’attribut 1","Valeur(s) de l’attribut 1 ","Attribut 1 visible","Attribut 1 global"
3162,variable,,"Poudre  illuminatrice/highlither",1,0,visible,,,,,taxable,,1,,,0,0,,,,,1,,,,"Makeup, Makeup > Teint > Poudre bronzer, Makeup > Teint",,,"https://chicglambyeva.com/wp-content/uploads/2023/02/17.png, https://chicglambyeva.com/wp-content/uploads/2023/02/5-1.png, https://chicglambyeva.com/wp-content/uploads/2023/02/4-3.png, https://chicglambyeva.com/wp-content/uploads/2023/02/3-3.png, https://chicglambyeva.com/wp-content/uploads/2023/02/2-5.png, https://chicglambyeva.com/wp-content/uploads/2023/02/1-5.png, https://chicglambyeva.com/wp-content/uploads/2023/02/18.png",,,,,,,,,0,"{""Color"":{""name"":""Color"",""type"":""color"",""terms"":{""01"":{""name"":""01"",""color"":""#a16d53"",""image"":"""",""show_tooltip"":"""",""tooltip_text"":"""",""tooltip_image"":"""",""image_size"":""""},""02"":{""name"":""02"",""color"":""#da8783"",""image"":"""",""show_tooltip"":"""",""tooltip_text"":"""",""tooltip_image"":"""",""image_size"":""""},""03"":{""name"":""03"",""color"":""#d1a75b"",""image"":"""",""show_tooltip"":"""",""tooltip_text"":"""",""tooltip_image"":"""",""image_size"":""""},""04"":{""name"":""04"",""color"":""#a57558"",""image"":"""",""show_tooltip"":"""",""tooltip_text"":"""",""tooltip_image"":"""",""image_size"":""""},""06"":{""name"":""06"",""color"":""#ac5d46"",""image"":"""",""show_tooltip"":"""",""tooltip_text"":"""",""tooltip_image"":"""",""image_size"":""""}}}}",Color,"01, 02, 03, 04, 06",1,1
3163,variation,,"Poudre  illuminatrice/highlither - 02",1,0,visible,,,,,taxable,parent,1,,,0,0,,,,,0,,,17,,,,https://chicglambyeva.com/wp-content/uploads/2023/02/2-5.png,,,id:3162,,,,,,2,,Color,02,,1
3164,variation,,"Poudre  illuminatrice/highlither - 03",1,0,visible,,,,,taxable,parent,1,,,0,0,,,,,0,,,17,,,,https://chicglambyeva.com/wp-content/uploads/2023/02/5-1.png,,,id:3162,,,,,,3,,Color,03,,1
3165,variation,,"Poudre  illuminatrice/highlither - 04",1,0,visible,,,,,taxable,parent,1,,,0,0,,,,,0,,,17,,,,https://chicglambyeva.com/wp-content/uploads/2023/02/3-3.png,,,id:3162,,,,,,4,,Color,04,,1
3171,variation,,"Poudre  illuminatrice/highlither - 06",1,0,visible,,,,,taxable,parent,1,,,0,0,,,,,0,,,17,,,,https://chicglambyeva.com/wp-content/uploads/2023/02/4-3.png,,,id:3162,,,,,,5,,Color,06,,1
3172,variation,,"Poudre  illuminatrice/highlither - 01",1,0,visible,,,,,taxable,parent,1,,,0,0,,,,,0,,,17,,,,https://chicglambyeva.com/wp-content/uploads/2023/02/1-5.png,,,id:3162,,,,,,0,,Color,01,,1
3197,variable,,"Poudre COMPACTE",1,0,visible,"<span data-contrast=""auto"">Sublimez votre visage avec la poudre compacte en vous offrant  un teint uniforme et parfait en HD. 9 nuances disponibles pour tout type  de peau de normale à Grasse. </span>","Sublimez<span data-contrast=""auto""> votre visage avec la poudre compacte en vous offrant  un teint uniforme et parfait en HD. 9 nuances disponibles pour tout type  de peau de normale à Grasse. </span><span data-ccp-props=""{&quot;134245417&quot;:false,&quot;201341983&quot;:0,&quot;335559739&quot;:0,&quot;335559740&quot;:240,&quot;469777462&quot;:[720,1440,2160,2880,3600,4320,5040,5760,6480,7200,7920,8640],&quot;469777927&quot;:[0,0,0,0,0,0,0,0,0,0,0,0],&quot;469777928&quot;:[1,1,1,1,1,1,1,1,1,1,1,1]}""> </span>\n\n<span data-ccp-props=""{&quot;134245417&quot;:false,&quot;201341983&quot;:0,&quot;335559739&quot;:0,&quot;335559740&quot;:240,&quot;469777462&quot;:[720,1440,2160,2880,3600,4320,5040,5760,6480,7200,7920,8640],&quot;469777927&quot;:[0,0,0,0,0,0,0,0,0,0,0,0],&quot;469777928&quot;:[1,1,1,1,1,1,1,1,1,1,1,1]}""> </span><span data-contrast=""auto"">Vegan</span><span data-ccp-props=""{&quot;134245417&quot;:false,&quot;201341983&quot;:0,&quot;335559739&quot;:0,&quot;335559740&quot;:240,&quot;469777462&quot;:[720,1440,2160,2880,3600,4320,5040,5760,6480,7200,7920,8640],&quot;469777927&quot;:[0,0,0,0,0,0,0,0,0,0,0,0],&quot;469777928&quot;:[1,1,1,1,1,1,1,1,1,1,1,1]}""> </span>\n\n<span data-contrast=""auto"">Sans cruauté </span><span data-ccp-props=""{&quot;134245417&quot;:false,&quot;201341983&quot;:0,&quot;335559739&quot;:0,&quot;335559740&quot;:240,&quot;469777462&quot;:[720,1440,2160,2880,3600,4320,5040,5760,6480,7200,7920,8640],&quot;469777927&quot;:[0,0,0,0,0,0,0,0,0,0,0,0],&quot;469777928&quot;:[1,1,1,1,1,1,1,1,1,1,1,1]}""> </span>\n\n<span data-contrast=""auto"">Waterproof </span><span data-ccp-props=""{&quot;134245417&quot;:false,&quot;201341983&quot;:0,&quot;335559739&quot;:0,&quot;335559740&quot;:240,&quot;469777462&quot;:[720,1440,2160,2880,3600,4320,5040,5760,6480,7200,7920,8640],&quot;469777927&quot;:[0,0,0,0,0,0,0,0,0,0,0,0],&quot;469777928&quot;:[1,1,1,1,1,1,1,1,1,1,1,1]}""> </span>\n\n<span data-contrast=""auto"">Longue tenue.</span><span data-ccp-props=""{&quot;134245417&quot;:false,&quot;201341983&quot;:0,&quot;335559739&quot;:0,&quot;335559740&quot;:240,&quot;469777462&quot;:[720,1440,2160,2880,3600,4320,5040,5760,6480,7200,7920,8640],&quot;469777927&quot;:[0,0,0,0,0,0,0,0,0,0,0,0],&quot;469777928&quot;:[1,1,1,1,1,1,1,1,1,1,1,1]}""> </span>\n\n<span data-contrast=""auto"">Ingrédients:</span><span data-ccp-props=""{&quot;134245417&quot;:false,&quot;201341983&quot;:0,&quot;335559739&quot;:0,&quot;335559740&quot;:240,&quot;469777462&quot;:[720,1440,2160,2880,3600,4320,5040,5760,6480,7200,7920,8640],&quot;469777927&quot;:[0,0,0,0,0,0,0,0,0,0,0,0],&quot;469777928&quot;:[1,1,1,1,1,1,1,1,1,1,1,1]}""> </span>\n\n<span data-contrast=""auto"">Mica Titaniumdioxide, silicate, isononyl, isononanooate,zincoxide,Dqualane, Petrolatum,Tocopherol, Magnesium Stearate,Dimethicone, CI77491, CI77499 ,CI77742</span><span data-ccp-props=""{&quot;134245417&quot;:false,&quot;201341983&quot;:0,&quot;335559739&quot;:0,&quot;335559740&quot;:240,&quot;469777462&quot;:[720,1440,2160,2880,3600,4320,5040,5760,6480,7200,7920,8640],&quot;469777927&quot;:[0,0,0,0,0,0,0,0,0,0,0,0],&quot;469777928&quot;:[1,1,1,1,1,1,1,1,1,1,1,1]}""> </span>\n\n<span data-ccp-props=""{&quot;134245417&quot;:false,&quot;201341983&quot;:0,&quot;335559739&quot;:0,&quot;335559740&quot;:240,&quot;469777462&quot;:[720,1440,2160,2880,3600,4320,5040,5760,6480,7200,7920,8640],&quot;469777927&quot;:[0,0,0,0,0,0,0,0,0,0,0,0],&quot;469777928&quot;:[1,1,1,1,1,1,1,1,1,1,1,1]}""> </span>\n\n<span data-contrast=""auto"">Poids NET :12g/0.42oz</span><span data-ccp-props=""{&quot;134245417&quot;:false,&quot;201341983&quot;:0,&quot;335559739&quot;:0,&quot;335559740&quot;:240,&quot;469777462&quot;:[720,1440,2160,2880,3600,4320,5040,5760,6480,7200,7920,8640],&quot;469777927&quot;:[0,0,0,0,0,0,0,0,0,0,0,0],&quot;469777928&quot;:[1,1,1,1,1,1,1,1,1,1,1,1]}""> </span>",,,taxable,,1,,,0,0,,,,,1,,,,"Makeup, Makeup > Teint > Poudre compacte, Makeup > Teint","maquillage, minérale, Poudre compacte, poudre matifiante, waterproof",,"https://chicglambyeva.com/wp-content/uploads/2023/02/Sans-titre-6.png, https://chicglambyeva.com/wp-content/uploads/2023/02/Sans-titre-7.png, https://chicglambyeva.com/wp-content/uploads/2023/02/1-7.png, https://chicglambyeva.com/wp-content/uploads/2023/02/2-8.png, https://chicglambyeva.com/wp-content/uploads/2023/02/3-6.png, https://chicglambyeva.com/wp-content/uploads/2023/02/4-5.png, https://chicglambyeva.com/wp-content/uploads/2023/02/5-3.png, https://chicglambyeva.com/wp-content/uploads/2023/02/6-2.png, https://chicglambyeva.com/wp-content/uploads/2023/02/7-2.png, https://chicglambyeva.com/wp-content/uploads/2023/02/8-1.png, https://chicglambyeva.com/wp-content/uploads/2023/02/9-2.png",,,,,,,,,0,"{""Color"":{""name"":""Color"",""type"":""color"",""terms"":{""#1"":{""name"":""#1"",""color"":""#d7bc9f"",""image"":"""",""show_tooltip"":"""",""tooltip_text"":"""",""tooltip_image"":"""",""image_size"":""""},""#2"":{""name"":""#2"",""color"":""#d8b075"",""image"":"""",""show_tooltip"":"""",""tooltip_text"":"""",""tooltip_image"":"""",""image_size"":""""},""#3"":{""name"":""#3"",""color"":""#d39f66"",""image"":"""",""show_tooltip"":"""",""tooltip_text"":"""",""tooltip_image"":"""",""image_size"":""""},""#4"":{""name"":""#4"",""color"":""#a0673c"",""image"":"""",""show_tooltip"":"""",""tooltip_text"":"""",""tooltip_image"":"""",""image_size"":""""},""#5"":{""name"":""#5"",""color"":""#9d5d31"",""image"":"""",""show_tooltip"":"""",""tooltip_text"":"""",""tooltip_image"":"""",""image_size"":""""},""#6"":{""name"":""#6"",""color"":""#9b4d29"",""image"":"""",""show_tooltip"":"""",""tooltip_text"":"""",""tooltip_image"":"""",""image_size"":""""},""#7"":{""name"":""#7"",""color"":""#8a5535"",""image"":"""",""show_tooltip"":"""",""tooltip_text"":"""",""tooltip_image"":"""",""image_size"":""""},""#8"":{""name"":""#8"",""color"":""#795038"",""image"":"""",""show_tooltip"":"""",""tooltip_text"":"""",""tooltip_image"":"""",""image_size"":""""},""#9"":{""name"":""#9"",""color"":""#5c4438"",""image"":"""",""show_tooltip"":"""",""tooltip_text"":"""",""tooltip_image"":"""",""image_size"":""""}}}}",Color,"#1, #2, #3, #4, #5, #6, #7, #8, #9",1,1
3614,variation,,"Poudre COMPACTE - #9",1,0,visible,,,,,taxable,parent,1,,,0,0,,,,,0,,,18,,,,https://chicglambyeva.com/wp-content/uploads/2023/02/9-2.png,,,id:3197,,,,,,0,,Color,#9,,1
3615,variation,,"Poudre COMPACTE - #8",1,0,visible,,,,,taxable,parent,1,,,0,0,,,,,0,,,18,,,,https://chicglambyeva.com/wp-content/uploads/2023/02/8-1.png,,,id:3197,,,,,,0,,Color,#8,,1
3616,variation,,"Poudre COMPACTE - #7",1,0,visible,,,,,taxable,parent,1,,,0,0,,,,,0,,,18,,,,https://chicglambyeva.com/wp-content/uploads/2023/02/7-2.png,,,id:3197,,,,,,0,,Color,#7,,1
3617,variation,,"Poudre COMPACTE - #6",1,0,visible,,,,,taxable,parent,1,,,0,0,,,,,0,,,18,,,,https://chicglambyeva.com/wp-content/uploads/2023/02/6-2.png,,,id:3197,,,,,,0,,Color,#6,,1
3618,variation,,"Poudre COMPACTE - #5",1,0,visible,,,,,taxable,parent,1,,,0,0,,,,,0,,,18,,,,https://chicglambyeva.com/wp-content/uploads/2023/02/5-3.png,,,id:3197,,,,,,0,,Color,#5,,1
3619,variation,,"Poudre COMPACTE - #4",1,0,visible,,,,,taxable,parent,1,,,0,0,,,,,0,,,18,,,,https://chicglambyeva.com/wp-content/uploads/2023/02/4-5.png,,,id:3197,,,,,,0,,Color,#4,,1
3620,variation,,"Poudre COMPACTE - #3",1,0,visible,,,,,taxable,parent,1,,,0,0,,,,,0,,,18,,,,https://chicglambyeva.com/wp-content/uploads/2023/02/3-6.png,,,id:3197,,,,,,0,,Color,#3,,1
3621,variation,,"Poudre COMPACTE - #2",1,0,visible,,,,,taxable,parent,1,,,0,0,,,,,0,,,18,,,,https://chicglambyeva.com/wp-content/uploads/2023/02/2-8.png,,,id:3197,,,,,,0,,Color,#2,,1
3622,variation,,"Poudre COMPACTE - #1",1,0,visible,,,,,taxable,parent,1,,,0,0,,,,,0,,,18,,,,https://chicglambyeva.com/wp-content/uploads/2023/02/1-7.png,,,id:3197,,,,,,0,,Color,#1,,1
3645,simple,,"Palette fars a paupières DIONGUÈ",1,0,visible,"<span data-contrast=""auto"">Ajoutez une touche de glamour à votre look avec MISS GLAM. Sa formule avec une variété de 24 couleurs irisées, mats et métalliques  très pigmentées pour un fini intense et un wow ! effet. </span>","<span data-contrast=""auto"">Ajoutez une touche de glamour à votre look avec MISS GLAM. Sa formule avec une variété de 24 couleurs irisées, mats et métalliques  très pigmentées pour un fini intense et un wow ! effet. </span><span data-ccp-props=""{&quot;134245417&quot;:false,&quot;201341983&quot;:0,&quot;335559739&quot;:0,&quot;335559740&quot;:240,&quot;469777462&quot;:[720,1440,2160,2880,3600,4320,5040,5760,6480,7200,7920,8640],&quot;469777927&quot;:[0,0,0,0,0,0,0,0,0,0,0,0],&quot;469777928&quot;:[1,1,1,1,1,1,1,1,1,1,1,1]}""> </span>\n\n<span data-contrast=""auto"">-waterproof</span><span data-ccp-props=""{&quot;134245417&quot;:false,&quot;201341983&quot;:0,&quot;335559739&quot;:0,&quot;335559740&quot;:240,&quot;469777462&quot;:[720,1440,2160,2880,3600,4320,5040,5760,6480,7200,7920,8640],&quot;469777927&quot;:[0,0,0,0,0,0,0,0,0,0,0,0],&quot;469777928&quot;:[1,1,1,1,1,1,1,1,1,1,1,1]}""> </span>\n\n<span data-contrast=""auto"">-hypoallergénique </span><span data-ccp-props=""{&quot;134245417&quot;:false,&quot;201341983&quot;:0,&quot;335559739&quot;:0,&quot;335559740&quot;:240,&quot;469777462&quot;:[720,1440,2160,2880,3600,4320,5040,5760,6480,7200,7920,8640],&quot;469777927&quot;:[0,0,0,0,0,0,0,0,0,0,0,0],&quot;469777928&quot;:[1,1,1,1,1,1,1,1,1,1,1,1]}""> </span>\n\n<span data-contrast=""auto"">-longue tenue </span><span data-ccp-props=""{&quot;134245417&quot;:false,&quot;201341983&quot;:0,&quot;335559739&quot;:0,&quot;335559740&quot;:240,&quot;469777462&quot;:[720,1440,2160,2880,3600,4320,5040,5760,6480,7200,7920,8640],&quot;469777927&quot;:[0,0,0,0,0,0,0,0,0,0,0,0],&quot;469777928&quot;:[1,1,1,1,1,1,1,1,1,1,1,1]}""> </span>\n\n<span data-contrast=""auto"">-vegan</span><span data-ccp-props=""{&quot;134245417&quot;:false,&quot;201341983&quot;:0,&quot;335559739&quot;:0,&quot;335559740&quot;:240,&quot;469777462&quot;:[720,1440,2160,2880,3600,4320,5040,5760,6480,7200,7920,8640],&quot;469777927&quot;:[0,0,0,0,0,0,0,0,0,0,0,0],&quot;469777928&quot;:[1,1,1,1,1,1,1,1,1,1,1,1]}""> </span>\n\n<span data-contrast=""auto"">Ingrédients:</span><span data-ccp-props=""{&quot;134245417&quot;:false,&quot;201341983&quot;:0,&quot;335559739&quot;:0,&quot;335559740&quot;:240,&quot;469777462&quot;:[720,1440,2160,2880,3600,4320,5040,5760,6480,7200,7920,8640],&quot;469777927&quot;:[0,0,0,0,0,0,0,0,0,0,0,0],&quot;469777928&quot;:[1,1,1,1,1,1,1,1,1,1,1,1]}""> </span>\n\n<span data-contrast=""auto"">Mica, Talc, TriethoxycaprylylSilan, Methicone, Silica, Titanium Dioxyde,  Tin oxide, Ethylhexyl Palmitate,  Bis-diglyceryl Polyacyladipate-2, Polyisobutene,Dimethicone,Tridecyl Acetate, May contain (+/-)Fd&amp;C Red 40 all Lake ( CI 16035) FD&amp;C Yellow 5 All lake ( CI 19140),FD&amp;C Blue 1 All lake ( CI42090),Chrome Oxide Green (CI 77288 ),Iron Oxides Yellow (CI77492) (CI77491) (CI77499)</span><span data-ccp-props=""{&quot;134245417&quot;:false,&quot;201341983&quot;:0,&quot;335559739&quot;:0,&quot;335559740&quot;:240,&quot;469777462&quot;:[720,1440,2160,2880,3600,4320,5040,5760,6480,7200,7920,8640],&quot;469777927&quot;:[0,0,0,0,0,0,0,0,0,0,0,0],&quot;469777928&quot;:[1,1,1,1,1,1,1,1,1,1,1,1]}""> </span>\n\n<span data-contrast=""auto"">Poids NET : 20g/0.70oz</span><span data-ccp-props=""{&quot;134245417&quot;:false,&quot;201341983&quot;:0,&quot;335559739&quot;:0,&quot;335559740&quot;:240,&quot;469777462&quot;:[720,1440,2160,2880,3600,4320,5040,5760,6480,7200,7920,8640],&quot;469777927&quot;:[0,0,0,0,0,0,0,0,0,0,0,0],&quot;469777928&quot;:[1,1,1,1,1,1,1,1,1,1,1,1]}""> </span>",,,taxable,,1,,,0,0,0.2,,,,1,,,30,"Makeup, Makeup > Yeux > Palette fars a paupières, Makeup > Yeux",,,"https://chicglambyeva.com/wp-content/uploads/2023/02/Sans-titre-8.png, https://chicglambyeva.com/wp-content/uploads/2023/02/13-1.png, https://chicglambyeva.com/wp-content/uploads/2023/02/14-1.png, https://chicglambyeva.com/wp-content/uploads/2023/02/IMG_20240223_201743_762.jpg",,,,,,,,,0,,,,,
3649,simple,,"Palette fars à paupières MISS GLAM",1,0,visible,"<span data-contrast=""auto"">Ajoutez une touche de glamour à votre look avec MISS GLAM. Sa formule avec une variété de 24 couleurs irisées, mats et métalliques  très pigmentées pour un fini intense et un wow ! effet. </span><span data-ccp-props=""{&quot;134245417&quot;:false,&quot;201341983&quot;:0,&quot;335559739&quot;:0,&quot;335559740&quot;:240,&quot;469777462&quot;:[720,1440,2160,2880,3600,4320,5040,5760,6480,7200,7920,8640],&quot;469777927&quot;:[0,0,0,0,0,0,0,0,0,0,0,0],&quot;469777928&quot;:[1,1,1,1,1,1,1,1,1,1,1,1]}""> </span>","<span data-contrast=""auto"">Ajoutez une touche de glamour à votre look avec MISS GLAM. Sa formule avec une variété de 24 couleurs irisées, mats et métalliques  très pigmentées pour un fini intense et un wow ! effet. </span><span data-ccp-props=""{&quot;134245417&quot;:false,&quot;201341983&quot;:0,&quot;335559739&quot;:0,&quot;335559740&quot;:240,&quot;469777462&quot;:[720,1440,2160,2880,3600,4320,5040,5760,6480,7200,7920,8640],&quot;469777927&quot;:[0,0,0,0,0,0,0,0,0,0,0,0],&quot;469777928&quot;:[1,1,1,1,1,1,1,1,1,1,1,1]}""> </span>\n\n<span data-contrast=""auto"">-waterproof</span><span data-ccp-props=""{&quot;134245417&quot;:false,&quot;201341983&quot;:0,&quot;335559739&quot;:0,&quot;335559740&quot;:240,&quot;469777462&quot;:[720,1440,2160,2880,3600,4320,5040,5760,6480,7200,7920,8640],&quot;469777927&quot;:[0,0,0,0,0,0,0,0,0,0,0,0],&quot;469777928&quot;:[1,1,1,1,1,1,1,1,1,1,1,1]}""> </span>\n\n<span data-contrast=""auto"">-hypoallergénique </span><span data-ccp-props=""{&quot;134245417&quot;:false,&quot;201341983&quot;:0,&quot;335559739&quot;:0,&quot;335559740&quot;:240,&quot;469777462&quot;:[720,1440,2160,2880,3600,4320,5040,5760,6480,7200,7920,8640],&quot;469777927&quot;:[0,0,0,0,0,0,0,0,0,0,0,0],&quot;469777928&quot;:[1,1,1,1,1,1,1,1,1,1,1,1]}""> </span>\n\n<span data-contrast=""auto"">-longue tenue </span><span data-ccp-props=""{&quot;134245417&quot;:false,&quot;201341983&quot;:0,&quot;335559739&quot;:0,&quot;335559740&quot;:240,&quot;469777462&quot;:[720,1440,2160,2880,3600,4320,5040,5760,6480,7200,7920,8640],&quot;469777927&quot;:[0,0,0,0,0,0,0,0,0,0,0,0],&quot;469777928&quot;:[1,1,1,1,1,1,1,1,1,1,1,1]}""> </span>\n\n<span data-contrast=""auto"">-vegan</span><span data-ccp-props=""{&quot;134245417&quot;:false,&quot;201341983&quot;:0,&quot;335559739&quot;:0,&quot;335559740&quot;:240,&quot;469777462&quot;:[720,1440,2160,2880,3600,4320,5040,5760,6480,7200,7920,8640],&quot;469777927&quot;:[0,0,0,0,0,0,0,0,0,0,0,0],&quot;469777928&quot;:[1,1,1,1,1,1,1,1,1,1,1,1]}""> </span>\n\n<span data-contrast=""auto"">Ingrédients:</span><span data-ccp-props=""{&quot;134245417&quot;:false,&quot;201341983&quot;:0,&quot;335559739&quot;:0,&quot;335559740&quot;:240,&quot;469777462&quot;:[720,1440,2160,2880,3600,4320,5040,5760,6480,7200,7920,8640],&quot;469777927&quot;:[0,0,0,0,0,0,0,0,0,0,0,0],&quot;469777928&quot;:[1,1,1,1,1,1,1,1,1,1,1,1]}""> </span>\n\n<span data-contrast=""auto"">Mica, Talc, TriethoxycaprylylSilan, Methicone, Silica, Titanium Dioxyde,  Tin oxide, Ethylhexyl Palmitate,  Bis-diglyceryl Polyacyladipate-2, Polyisobutene,Dimethicone,Tridecyl Acetate, May contain (+/-)Fd&amp;C Red 40 all Lake ( CI 16035) FD&amp;C Yellow 5 All lake ( CI 19140),FD&amp;C Blue 1 All lake ( CI42090),Chrome Oxide Green (CI 77288 ),Iron Oxides Yellow (CI77492) (CI77491) (CI77499)</span><span data-ccp-props=""{&quot;134245417&quot;:false,&quot;201341983&quot;:0,&quot;335559739&quot;:0,&quot;335559740&quot;:240,&quot;469777462&quot;:[720,1440,2160,2880,3600,4320,5040,5760,6480,7200,7920,8640],&quot;469777927&quot;:[0,0,0,0,0,0,0,0,0,0,0,0],&quot;469777928&quot;:[1,1,1,1,1,1,1,1,1,1,1,1]}""> </span>\n\n<span data-contrast=""auto"">Poids NET : 20g/0.70oz</span><span data-ccp-props=""{&quot;134245417&quot;:false,&quot;201341983&quot;:0,&quot;335559739&quot;:0,&quot;335559740&quot;:240,&quot;469777462&quot;:[720,1440,2160,2880,3600,4320,5040,5760,6480,7200,7920,8640],&quot;469777927&quot;:[0,0,0,0,0,0,0,0,0,0,0,0],&quot;469777928&quot;:[1,1,1,1,1,1,1,1,1,1,1,1]}""> </span>",,,taxable,,1,,,0,0,0.2,,,,1,,,35,"Makeup, Makeup > Yeux > Palette fars a paupières, Makeup > Yeux",,,"https://chicglambyeva.com/wp-content/uploads/2023/02/Sans-titre-9.png, https://chicglambyeva.com/wp-content/uploads/2023/02/19.png, https://chicglambyeva.com/wp-content/uploads/2023/02/20.png, https://chicglambyeva.com/wp-content/uploads/2023/02/15.png",,,,,,,,,0,,,,,
3660,simple,,"Eye-liner adhésif 2 en 1",1,0,visible,"<span data-contrast=""auto"">Ce stylo eyeliner liquide est doté  d’un pinceau à fibre vous permettant de créer un tracé épais, fin ou accentué et colle tout type de faux cils grâce à sa formule 2 en 1</span><span data-ccp-props=""{&quot;134245417&quot;:false,&quot;201341983&quot;:0,&quot;335559739&quot;:0,&quot;335559740&quot;:240}""> </span><span data-ccp-props=""{&quot;134245417&quot;:false,&quot;201341983&quot;:0,&quot;335559739&quot;:0,&quot;335559740&quot;:240}""> </span>","<span data-contrast=""auto"">Ce stylo eyeliner liquide est doté  d’un pinceau à fibre vous permettant de créer un tracé épais, fin ou accentué et colle tout type de faux cils grâce à sa formule 2 en 1</span><span data-ccp-props=""{&quot;134245417&quot;:false,&quot;201341983&quot;:0,&quot;335559739&quot;:0,&quot;335559740&quot;:240}""> </span><span data-ccp-props=""{&quot;134245417&quot;:false,&quot;201341983&quot;:0,&quot;335559739&quot;:0,&quot;335559740&quot;:240}""> </span>\n\n<span data-contrast=""auto"">-Professionnel et précis</span><span data-ccp-props=""{&quot;134245417&quot;:false,&quot;201341983&quot;:0,&quot;335559739&quot;:0,&quot;335559740&quot;:240}""> </span>\n\n<span data-contrast=""auto"">-anti-bavure</span><span data-ccp-props=""{&quot;134245417&quot;:false,&quot;201341983&quot;:0,&quot;335559739&quot;:0,&quot;335559740&quot;:240}""> </span>\n\n<span data-contrast=""auto"">-waterproof</span><span data-ccp-props=""{&quot;134245417&quot;:false,&quot;201341983&quot;:0,&quot;335559739&quot;:0,&quot;335559740&quot;:240}""> </span>\n\n<span data-contrast=""auto"">-longue tenue</span><span data-ccp-props=""{&quot;134245417&quot;:false,&quot;201341983&quot;:0,&quot;335559739&quot;:0,&quot;335559740&quot;:240}""> </span>\n\n<span data-contrast=""auto"">Ingrédients:</span><span data-ccp-props=""{&quot;134245417&quot;:false,&quot;201341983&quot;:0,&quot;335559739&quot;:0,&quot;335559740&quot;:240}""> </span>\n\n<span data-contrast=""auto"">Mica ,Dimethicone, Silica/la, Propyparaben, Methyparaben, CI77492, CI77491, CI77499</span><span data-ccp-props=""{&quot;134245417&quot;:false,&quot;201341983&quot;:0,&quot;335559739&quot;:0,&quot;335559740&quot;:240}""> </span>\n\n<span class=""TextRun SCXW54432655 BCX0"" lang=""EN-US"" xml:lang=""EN-US"" data-contrast=""auto""><span class=""NormalTextRun SpellingErrorV2Themed SCXW54432655 BCX0"">Poids</span><span class=""NormalTextRun SCXW54432655 BCX0""> NET: </span><span class=""NormalTextRun SCXW54432655 BCX0"">1g</span></span><span class=""EOP SCXW54432655 BCX0"" data-ccp-props=""{&quot;134245417&quot;:false,&quot;201341983&quot;:0,&quot;335559739&quot;:0,&quot;335559740&quot;:240}""> </span>",,,taxable,,1,,,0,0,1,,,,1,,,12,"Makeup > Yeux > Eyeliner, Makeup, Makeup > Yeux",,,"https://chicglambyeva.com/wp-content/uploads/2023/02/25.png, https://chicglambyeva.com/wp-content/uploads/2023/02/24.png, https://chicglambyeva.com/wp-content/uploads/2023/02/23.png",,,,,,,,,0,,,,,
3674,simple,,"Mascara SMUDGE noir",1,0,visible,"<span data-contrast=""auto"">La couleur, le volume, la longueur, en un seul geste  les cils sont immédiatement magnifiés, allongés, densifiés. Grâce à sa brosse et sa formule innovantes, l’Impact du Mascara étoffe, allonge, recourbe et coiffe tous les cils, en un clin d'œil et en un seul passage.</span><span data-ccp-props=""{&quot;134245417&quot;:false,&quot;201341983&quot;:0,&quot;335559739&quot;:0,&quot;335559740&quot;:240,&quot;469777462&quot;:[720,1440,2160,2880,3600,4320,5040,5760,6480,7200,7920,8640],&quot;469777927&quot;:[0,0,0,0,0,0,0,0,0,0,0,0],&quot;469777928&quot;:[1,1,1,1,1,1,1,1,1,1,1,1]}""> </span>","<span data-contrast=""auto"">La couleur, le volume, la longueur, en un seul geste  les cils sont immédiatement magnifiés, allongés, densifiés. Grâce à sa brosse et sa formule innovantes, l’Impact du Mascara étoffe, allonge, recourbe et coiffe tous les cils, en un clin d'œil et en un seul passage.</span><span data-ccp-props=""{&quot;134245417&quot;:false,&quot;201341983&quot;:0,&quot;335559739&quot;:0,&quot;335559740&quot;:240,&quot;469777462&quot;:[720,1440,2160,2880,3600,4320,5040,5760,6480,7200,7920,8640],&quot;469777927&quot;:[0,0,0,0,0,0,0,0,0,0,0,0],&quot;469777928&quot;:[1,1,1,1,1,1,1,1,1,1,1,1]}""> </span>\n\n<span data-ccp-props=""{&quot;134245417&quot;:false,&quot;201341983&quot;:0,&quot;335559739&quot;:0,&quot;335559740&quot;:240,&quot;469777462&quot;:[720,1440,2160,2880,3600,4320,5040,5760,6480,7200,7920,8640],&quot;469777927&quot;:[0,0,0,0,0,0,0,0,0,0,0,0],&quot;469777928&quot;:[1,1,1,1,1,1,1,1,1,1,1,1]}""> </span>\n\n<span data-contrast=""auto"">Ses avantages : </span><span data-ccp-props=""{&quot;134245417&quot;:false,&quot;201341983&quot;:0,&quot;335559739&quot;:0,&quot;335559740&quot;:240,&quot;469777462&quot;:[720,1440,2160,2880,3600,4320,5040,5760,6480,7200,7920,8640],&quot;469777927&quot;:[0,0,0,0,0,0,0,0,0,0,0,0],&quot;469777928&quot;:[1,1,1,1,1,1,1,1,1,1,1,1]}""> </span>\n\n<span data-contrast=""auto"">-Maquille les cils en un seul passage </span><span data-ccp-props=""{&quot;134245417&quot;:false,&quot;201341983&quot;:0,&quot;335559739&quot;:0,&quot;335559740&quot;:240,&quot;469777462&quot;:[720,1440,2160,2880,3600,4320,5040,5760,6480,7200,7920,8640],&quot;469777927&quot;:[0,0,0,0,0,0,0,0,0,0,0,0],&quot;469777928&quot;:[1,1,1,1,1,1,1,1,1,1,1,1]}""> </span>\n\n<span data-contrast=""auto"">-Maxi volume et longueur </span><span data-ccp-props=""{&quot;134245417&quot;:false,&quot;201341983&quot;:0,&quot;335559739&quot;:0,&quot;335559740&quot;:240,&quot;469777462&quot;:[720,1440,2160,2880,3600,4320,5040,5760,6480,7200,7920,8640],&quot;469777927&quot;:[0,0,0,0,0,0,0,0,0,0,0,0],&quot;469777928&quot;:[1,1,1,1,1,1,1,1,1,1,1,1]}""> </span>\n\n<span data-contrast=""auto"">-Séparation / coiffage parfait </span><span data-ccp-props=""{&quot;134245417&quot;:false,&quot;201341983&quot;:0,&quot;335559739&quot;:0,&quot;335559740&quot;:240,&quot;469777462&quot;:[720,1440,2160,2880,3600,4320,5040,5760,6480,7200,7920,8640],&quot;469777927&quot;:[0,0,0,0,0,0,0,0,0,0,0,0],&quot;469777928&quot;:[1,1,1,1,1,1,1,1,1,1,1,1]}""> </span>\n\n<span data-contrast=""auto"">-hypoallergénique </span><span data-ccp-props=""{&quot;134245417&quot;:false,&quot;201341983&quot;:0,&quot;335559739&quot;:0,&quot;335559740&quot;:240,&quot;469777462&quot;:[720,1440,2160,2880,3600,4320,5040,5760,6480,7200,7920,8640],&quot;469777927&quot;:[0,0,0,0,0,0,0,0,0,0,0,0],&quot;469777928&quot;:[1,1,1,1,1,1,1,1,1,1,1,1]}""> </span>\n\n<span data-contrast=""auto"">-Tenue 24h</span><span data-ccp-props=""{&quot;134245417&quot;:false,&quot;201341983&quot;:0,&quot;335559739&quot;:0,&quot;335559740&quot;:240,&quot;469777462&quot;:[720,1440,2160,2880,3600,4320,5040,5760,6480,7200,7920,8640],&quot;469777927&quot;:[0,0,0,0,0,0,0,0,0,0,0,0],&quot;469777928&quot;:[1,1,1,1,1,1,1,1,1,1,1,1]}""> </span>\n\n<span data-contrast=""auto"">-waterproof</span><span data-ccp-props=""{&quot;134245417&quot;:false,&quot;201341983&quot;:0,&quot;335559739&quot;:0,&quot;335559740&quot;:240,&quot;469777462&quot;:[720,1440,2160,2880,3600,4320,5040,5760,6480,7200,7920,8640],&quot;469777927&quot;:[0,0,0,0,0,0,0,0,0,0,0,0],&quot;469777928&quot;:[1,1,1,1,1,1,1,1,1,1,1,1]}""> </span>",,,taxable,,1,,,0,0,,,,,1,,,17,"Makeup, Makeup > Yeux > Mascara, Makeup > Yeux",,,"https://chicglambyeva.com/wp-content/uploads/2023/02/26.png, https://chicglambyeva.com/wp-content/uploads/2023/02/30.png",,,,,,,,,0,,,,,
3693,variable,,"CRAYON à  lèvres, SOURCILS et eyeliner",1,0,visible,"<span data-contrast=""auto"">Ce crayon est 3 en 1 pour vous faciliter votre quotidien eyeliner, lèvres et sourcils . Sa formule waterproof, lisse et minéral longue tenue dure 24h. Il se fond sur la peau pour une application intense.</span><span data-ccp-props=""{&quot;134245417&quot;:false,&quot;201341983&quot;:0,&quot;335559739&quot;:0,&quot;335559740&quot;:240}""> </span>","<span data-contrast=""auto"">Ce crayon est 3 en 1 pour vous faciliter votre quotidien eyeliner, lèvres et sourcils . Sa formule waterproof, lisse et minéral longue tenue dure 24h. Il se fond sur la peau pour une application intense.</span><span data-ccp-props=""{&quot;134245417&quot;:false,&quot;201341983&quot;:0,&quot;335559739&quot;:0,&quot;335559740&quot;:240}""> </span>\n\n<span data-contrast=""auto"">Ingrédients :</span><span data-ccp-props=""{&quot;134245417&quot;:false,&quot;201341983&quot;:0,&quot;335559739&quot;:0,&quot;335559740&quot;:240}""> </span>\n\n<span data-contrast=""auto"">Candelilla cera, Copernicia Cerifera (carnauba) Wax, Ethylheryl Palmitate, Capryhc/Capnc Triglyceride, tridecyl , trimellitate, CI77891  CI77491,  CI77892</span><span data-ccp-props=""{&quot;134245417&quot;:false,&quot;201341983&quot;:0,&quot;335559739&quot;:0,&quot;335559740&quot;:240}""> </span>\n\n<span data-contrast=""auto"">VEGAN</span><span data-ccp-props=""{&quot;134245417&quot;:false,&quot;201341983&quot;:0,&quot;335559739&quot;:0,&quot;335559740&quot;:240}""> </span>",,,taxable,,1,,,0,0,,,,,1,,,,"Accessoires, Accessoires > Cils, Accessoires > Cils > Cils magnétiques + eyeliner, Makeup > Lèvres > Crayon à lèvres, Makeup > Lèvres, Makeup",,,"https://chicglambyeva.com/wp-content/uploads/2023/02/31.png, https://chicglambyeva.com/wp-content/uploads/2023/02/38.png, https://chicglambyeva.com/wp-content/uploads/2023/02/37.png, https://chicglambyeva.com/wp-content/uploads/2023/02/36.png, https://chicglambyeva.com/wp-content/uploads/2023/02/35.png, https://chicglambyeva.com/wp-content/uploads/2023/02/34.png, https://chicglambyeva.com/wp-content/uploads/2023/02/33.png",,,,,,,,,0,"{""Color"":{""name"":""Color"",""type"":""color"",""terms"":{""C12"":{""name"":""C12"",""color"":""#212327"",""image"":"""",""show_tooltip"":"""",""tooltip_text"":"""",""tooltip_image"":"""",""image_size"":""""},""C3"":{""name"":""C3"",""color"":""#a52e51"",""image"":"""",""show_tooltip"":"""",""tooltip_text"":"""",""tooltip_image"":"""",""image_size"":""""},""C5"":{""name"":""C5"",""color"":""#d100a3"",""image"":"""",""show_tooltip"":"""",""tooltip_text"":"""",""tooltip_image"":"""",""image_size"":""""},""C6"":{""name"":""C6"",""color"":""#48172a"",""image"":"""",""show_tooltip"":"""",""tooltip_text"":"""",""tooltip_image"":"""",""image_size"":""""},""C7"":{""name"":""C7"",""color"":""#982329"",""image"":"""",""show_tooltip"":"""",""tooltip_text"":"""",""tooltip_image"":"""",""image_size"":""""},""C8"":{""name"":""C8"",""color"":""#665652"",""image"":"""",""show_tooltip"":"""",""tooltip_text"":"""",""tooltip_image"":"""",""image_size"":""""}}}}",Color,"C12, C3, C5, C6, C7, C8",1,1
3694,variation,,"CRAYON à  lèvres, SOURCILS et eyeliner - C8",1,0,visible,,,,,taxable,parent,1,,,0,0,,,,,0,,,5,,,,https://chicglambyeva.com/wp-content/uploads/2023/02/36.png,,,id:3693,,,,,,5,,Color,C8,,1
3695,variation,,"CRAYON à  lèvres, SOURCILS et eyeliner - C7",1,0,visible,,,,,taxable,parent,1,,,0,0,,,,,0,,,5,,,,https://chicglambyeva.com/wp-content/uploads/2023/02/35.png,,,id:3693,,,,,,4,,Color,C7,,1
3696,variation,,"CRAYON à  lèvres, SOURCILS et eyeliner - C6",1,0,visible,,,,,taxable,parent,1,,,0,0,,,,,0,,,5,,,,https://chicglambyeva.com/wp-content/uploads/2023/02/34.png,,,id:3693,,,,,,3,,Color,C6,,1
3697,variation,,"CRAYON à  lèvres, SOURCILS et eyeliner - C5",1,0,visible,,,,,taxable,parent,1,,,0,0,,,,,0,,,5,,,,https://chicglambyeva.com/wp-content/uploads/2023/02/33.png,,,id:3693,,,,,,2,,Color,C5,,1
3698,variation,,"CRAYON à  lèvres, SOURCILS et eyeliner - C3",1,0,visible,,,,,taxable,parent,1,,,0,0,,,,,0,,,5,,,,https://chicglambyeva.com/wp-content/uploads/2023/02/37.png,,,id:3693,,,,,,1,,Color,C3,,1
3699,variation,,"CRAYON à  lèvres, SOURCILS et eyeliner - C12",1,0,visible,,,,,taxable,parent,1,,,0,0,,,,,0,,,5,,,,https://chicglambyeva.com/wp-content/uploads/2023/02/38.png,,,id:3693,,,,,,6,,Color,C12,,1
3701,variable,,"Cils Magnétiques",1,0,visible,"<span data-contrast=""none"">CILS </span><span data-contrast=""auto"">Optez pour un regard Chic &amp; Glamour avec nos faux cils magnétiques + eyeliner.</span><span data-ccp-props=""{&quot;134245417&quot;:false,&quot;201341983&quot;:0,&quot;335559739&quot;:240,&quot;335559740&quot;:240}""> </span>","<span data-contrast=""none"">CILS </span><span data-contrast=""auto"">Optez pour un regard Chic &amp; Glamour avec nos faux cils magnétiques + eyeliner.</span><span data-ccp-props=""{&quot;134245417&quot;:false,&quot;201341983&quot;:0,&quot;335559739&quot;:240,&quot;335559740&quot;:240}""> </span>\n\n<span data-contrast=""auto"">4 volumes naturels disponibles</span><span data-ccp-props=""{&quot;134245417&quot;:false,&quot;201341983&quot;:0,&quot;335559739&quot;:0,&quot;335559740&quot;:240}""> </span>\n\n<span data-contrast=""auto"">– ultra légers</span><span data-ccp-props=""{&quot;134245417&quot;:false,&quot;201341983&quot;:0,&quot;335559739&quot;:0,&quot;335559740&quot;:240}""> </span>\n\n<span data-contrast=""auto"">– sans colle</span><span data-ccp-props=""{&quot;134245417&quot;:false,&quot;201341983&quot;:0,&quot;335559739&quot;:0,&quot;335559740&quot;:240}""> </span>\n\n<span data-contrast=""auto"">– hypoallergénique</span><span data-ccp-props=""{&quot;134245417&quot;:false,&quot;201341983&quot;:0,&quot;335559739&quot;:0,&quot;335559740&quot;:240}""> </span>\n\n<span data-contrast=""auto"">– facile à utiliser</span><span data-ccp-props=""{&quot;134245417&quot;:false,&quot;201341983&quot;:0,&quot;335559739&quot;:0,&quot;335559740&quot;:240}""> </span>\n\n<span data-contrast=""auto"">– réutilisable</span><span data-ccp-props=""{&quot;134245417&quot;:false,&quot;201341983&quot;:0,&quot;335559739&quot;:0,&quot;335559740&quot;:240}""> </span>\n\n<span data-contrast=""auto"">– bonne tenue</span><span data-ccp-props=""{&quot;134245417&quot;:false,&quot;201341983&quot;:0,&quot;335559739&quot;:0,&quot;335559740&quot;:240}""> </span>\n\n<span data-contrast=""auto"">– waterproof</span><span data-ccp-props=""{&quot;134245417&quot;:false,&quot;201341983&quot;:0,&quot;335559739&quot;:0,&quot;335559740&quot;:240}""> </span>",,,taxable,,1,,,0,0,,,,,1,,,,"Accessoires, Accessoires > Cils, Accessoires > Cils > Cils magnétiques + eyeliner",,,"https://chicglambyeva.com/wp-content/uploads/2023/02/32.png, https://chicglambyeva.com/wp-content/uploads/2023/02/Sans-titre-10.png, https://chicglambyeva.com/wp-content/uploads/2023/02/39.png, https://chicglambyeva.com/wp-content/uploads/2023/02/40.png, https://chicglambyeva.com/wp-content/uploads/2023/02/41.png",,,,,,,,,0,"{""Cils"":{""name"":""Cils"",""type"":""radio"",""terms"":{""Brichette"":{""name"":""Brichette"",""color"":"""",""image"":"""",""show_tooltip"":"""",""tooltip_text"":"""",""tooltip_image"":"""",""image_size"":""""},""Chic"":{""name"":""Chic"",""color"":"""",""image"":"""",""show_tooltip"":"""",""tooltip_text"":"""",""tooltip_image"":"""",""image_size"":""""},""Glamour"":{""name"":""Glamour"",""color"":"""",""image"":"""",""show_tooltip"":"""",""tooltip_text"":"""",""tooltip_image"":"""",""image_size"":""""},""Maeva"":{""name"":""Maeva"",""color"":"""",""image"":"""",""show_tooltip"":"""",""tooltip_text"":"""",""tooltip_image"":"""",""image_size"":""""}}}}",Cils,"Brichette, Chic, Glamour, Maeva",1,1
3702,variation,,"Cils Magnétiques - Maeva",1,0,visible,,,,,taxable,parent,1,,,0,0,,,,,0,,,18,,,,https://chicglambyeva.com/wp-content/uploads/2023/02/39.png,,,id:3701,,,,,,2,,Cils,Maeva,,1
3703,variation,,"Cils Magnétiques - Chic",1,0,visible,,,,,taxable,parent,1,,,0,0,,,,,0,,,18,,,,https://chicglambyeva.com/wp-content/uploads/2023/02/40.png,,,id:3701,,,,,,3,,Cils,Chic,,1
3704,variation,,"Cils Magnétiques - Brichette",1,0,visible,,,,,taxable,parent,1,,,0,0,,,,,0,,,18,,,,https://chicglambyeva.com/wp-content/uploads/2023/02/41.png,,,id:3701,,,,,,4,,Cils,Brichette,,1
3705,variation,,"Cils Magnétiques - Glamour",1,0,visible,,,,,taxable,parent,1,,,0,0,,,,,0,,,18,,,,https://chicglambyeva.com/wp-content/uploads/2023/02/Sans-titre-10.png,,,id:3701,,,,,,1,,Cils,Glamour,,1
3719,variable,,"Fond de teint visage  et corps",1,0,visible,"<span data-contrast=""none"">Rendez votre visage rayonnant avec le fond de teint ALL COVER pour visage et corps. Il possède des propriétés antioxydant, anti-bacterien, adoucissant et hydratant. Il unifie le teint , camoufle les imperfections avec sa formule huile contrôlée pour un fini mar et un résultat Zéro défaut. </span><span data-ccp-props=""{&quot;134245417&quot;:false,&quot;201341983&quot;:0,&quot;335559739&quot;:240,&quot;335559740&quot;:240}""> </span>","<span data-contrast=""none"">Rendez votre visage rayonnant avec le fond de teint ALL COVER pour visage et corps. Il possède des propriétés antioxydant, anti-bacterien, adoucissant et hydratant. Il unifie le teint , camoufle les imperfections avec sa formule huile contrôlée pour un fini mar et un résultat Zéro défaut. </span><span data-ccp-props=""{&quot;134245417&quot;:false,&quot;201341983&quot;:0,&quot;335559739&quot;:240,&quot;335559740&quot;:240}""> </span>\n\n<span data-contrast=""none"">Disponible dans un éventail de 10 teintes,  il promet une couvrance homogène. </span><span data-ccp-props=""{&quot;134245417&quot;:false,&quot;201341983&quot;:0,&quot;335559739&quot;:240,&quot;335559740&quot;:240}""> </span>\n\n&nbsp;",,,taxable,,1,,,0,0,,,,,1,,,,"Makeup > Teint > Fond de teint, Makeup, Makeup > Teint",,,"https://chicglambyeva.com/wp-content/uploads/2023/02/53.png, https://chicglambyeva.com/wp-content/uploads/2023/02/43.png, https://chicglambyeva.com/wp-content/uploads/2023/02/44.png, https://chicglambyeva.com/wp-content/uploads/2023/02/45.png, https://chicglambyeva.com/wp-content/uploads/2023/02/46.png, https://chicglambyeva.com/wp-content/uploads/2023/02/47.png, https://chicglambyeva.com/wp-content/uploads/2023/02/48.png, https://chicglambyeva.com/wp-content/uploads/2023/02/49.png, https://chicglambyeva.com/wp-content/uploads/2023/02/50.png, https://chicglambyeva.com/wp-content/uploads/2023/02/51.png, https://chicglambyeva.com/wp-content/uploads/2023/02/52.png",,,,,,,,,0,"{""Fond de teint"":{""name"":""Fond de teint"",""type"":""color"",""terms"":{""#1"":{""name"":""#1"",""color"":""#ead7d1"",""image"":"""",""show_tooltip"":"""",""tooltip_text"":"""",""tooltip_image"":"""",""image_size"":""""},""#2"":{""name"":""#2"",""color"":""#e9c8bf"",""image"":"""",""show_tooltip"":"""",""tooltip_text"":"""",""tooltip_image"":"""",""image_size"":""""},""#3"":{""name"":""#3"",""color"":""#e7c8b3"",""image"":"""",""show_tooltip"":"""",""tooltip_text"":"""",""tooltip_image"":"""",""image_size"":""""},""#4"":{""name"":""#4"",""color"":""#dcb397"",""image"":"""",""show_tooltip"":"""",""tooltip_text"":"""",""tooltip_image"":"""",""image_size"":""""},""#5"":{""name"":""#5"",""color"":""#d7a584"",""image"":"""",""show_tooltip"":"""",""tooltip_text"":"""",""tooltip_image"":"""",""image_size"":""""},""#6"":{""name"":""#6"",""color"":""#d59677"",""image"":"""",""show_tooltip"":"""",""tooltip_text"":"""",""tooltip_image"":"""",""image_size"":""""},""#7"":{""name"":""#7"",""color"":""#b25b16"",""image"":"""",""show_tooltip"":"""",""tooltip_text"":"""",""tooltip_image"":"""",""image_size"":""""},""#8"":{""name"":""#8"",""color"":""#7b4425"",""image"":"""",""show_tooltip"":"""",""tooltip_text"":"""",""tooltip_image"":"""",""image_size"":""""},""#9"":{""name"":""#9"",""color"":""#65331a"",""image"":"""",""show_tooltip"":"""",""tooltip_text"":"""",""tooltip_image"":"""",""image_size"":""""}}}}","Fond de teint","#1, #2, #3, #4, #5, #6, #7, #8, #9",1,1
3720,variation,,"Fond de teint visage  et corps - #12",1,0,visible,,,,,taxable,parent,1,,,0,0,,,,,0,,,28,,,,https://chicglambyeva.com/wp-content/uploads/2023/02/52.png,,,id:3719,,,,,,0,,"Fond de teint",#12,,1
3721,variation,,"Fond de teint visage  et corps - #9",1,0,visible,,,,,taxable,parent,1,,,0,0,,,,,0,,,28,,,,https://chicglambyeva.com/wp-content/uploads/2023/02/51.png,,,id:3719,,,,,,2,,"Fond de teint",#9,,1
3722,variation,,"Fond de teint visage  et corps - #8",1,0,visible,,,,,taxable,parent,1,,,0,0,,,,,0,,,28,,,,https://chicglambyeva.com/wp-content/uploads/2023/02/50.png,,,id:3719,,,,,,3,,"Fond de teint",#8,,1
3723,variation,,"Fond de teint visage  et corps - #7",1,0,visible,,,,,taxable,parent,1,,,0,0,,,,,0,,,28,,,,https://chicglambyeva.com/wp-content/uploads/2023/02/49.png,,,id:3719,,,,,,4,,"Fond de teint",#7,,1
3724,variation,,"Fond de teint visage  et corps - #6",1,0,visible,,,,,taxable,parent,1,,,0,0,,,,,0,,,28,,,,https://chicglambyeva.com/wp-content/uploads/2023/02/48.png,,,id:3719,,,,,,5,,"Fond de teint",#6,,1
3725,variation,,"Fond de teint visage  et corps - #5",1,0,visible,,,,,taxable,parent,1,,,0,0,,,,,0,,,28,,,,https://chicglambyeva.com/wp-content/uploads/2023/02/47.png,,,id:3719,,,,,,6,,"Fond de teint",#5,,1
3726,variation,,"Fond de teint visage  et corps - #4",1,0,visible,,,,,taxable,parent,1,,,0,0,,,,,0,,,28,,,,https://chicglambyeva.com/wp-content/uploads/2023/02/46.png,,,id:3719,,,,,,7,,"Fond de teint",#4,,1
3727,variation,,"Fond de teint visage  et corps - #3",1,0,visible,,,,,taxable,parent,1,,,0,0,,,,,0,,,28,,,,https://chicglambyeva.com/wp-content/uploads/2023/02/45.png,,,id:3719,,,,,,8,,"Fond de teint",#3,,1
3728,variation,,"Fond de teint visage  et corps - #2",1,0,visible,,,,,taxable,parent,1,,,0,0,,,,,0,,,28,,,,https://chicglambyeva.com/wp-content/uploads/2023/02/44.png,,,id:3719,,,,,,9,,"Fond de teint",#2,,1
3729,variation,,"Fond de teint visage  et corps - #1",1,0,visible,,,,,taxable,parent,1,,,0,0,,,,,0,,,28,,,,https://chicglambyeva.com/wp-content/uploads/2023/02/43.png,,,id:3719,,,,,,10,,"Fond de teint",#1,,1
3731,simple,,"Kit pinceaux",1,0,visible,"Chic &amp; glamour by Eva vous propose une large sélection d’accessoires. À chaque produit de maquillage son pinceau ! Un kit de 12 superbes pinceaux de maquillage vegan sans poils d’animaux pour tous les goûts. Doux , soyeux et confortable au touché.",,,,taxable,,1,,,0,0,,,,,1,,,20,"Accessoires, Accessoires > Pinceaux de maquillage",,,"https://chicglambyeva.com/wp-content/uploads/2023/02/54.png, https://chicglambyeva.com/wp-content/uploads/2023/02/55.png, https://chicglambyeva.com/wp-content/uploads/2023/02/56.png, https://chicglambyeva.com/wp-content/uploads/2023/02/57.png, https://chicglambyeva.com/wp-content/uploads/2023/02/58.png",,,,,,,,,0,,,,,
3748,variable,,"FLAWLESS FINISH SKIN",1,0,visible,"<span data-contrast=""none"">Rendez votre visage rayonnant avec le fond de teint ALL COVER pour visage et corps. Il possède des propriétés antioxydant, anti-bacterien, adoucissant et hydratant. Il unifie le teint , camoufle les imperfections avec sa formule huile contrôlée pour un fini mar et un résultat Zéro défaut. </span><span data-ccp-props=""{&quot;134245417&quot;:false,&quot;201341983&quot;:0,&quot;335559739&quot;:240,&quot;335559740&quot;:240}""> </span>","<div id=""pc2"">\n<div id=""p2"">\n<div>Sublimer votre peau avec notre fond de teint liquide de qualité supérieure pour une finition mate et naturelle jour après jour.</div>\n<div>\n<div id=""pc2"">\n<div id=""p2"">\n<div>Grâce à sa texture légère et unifiant, le fond de teint masque les imperfections tout au long de la journée. La formule du fond de teint  est non parfumée et très riche en pigments . À  appliquer en couches fines succetives pour une couvrance complète. Fait  pour tout type de peau et toute carnation ,il est disponible dans 10 teintes.</div>\n<div>Sans ingrédient d'origine animale Bon pour les végétaliens Bon pour la planète</div>\n</div>\n</div>\n<div id=""pc3"">\n<div class=""pageNumV2""></div>\n</div>\n</div>\n</div>\n</div>\n<!--more-->",,,taxable,,1,,,0,0,,,,,1,,,,"Makeup > Teint > Fond de teint, Makeup, Makeup > Teint","fond de teint, mat, teint, visage",,"https://chicglambyeva.com/wp-content/uploads/2023/02/WhatsApp-Image-2023-02-22-at-23.47.58.jpeg, https://chicglambyeva.com/wp-content/uploads/2023/02/66.png, https://chicglambyeva.com/wp-content/uploads/2023/02/65.png, https://chicglambyeva.com/wp-content/uploads/2023/02/64.png, https://chicglambyeva.com/wp-content/uploads/2023/02/68.png, https://chicglambyeva.com/wp-content/uploads/2023/02/63.png, https://chicglambyeva.com/wp-content/uploads/2023/02/60.png, https://chicglambyeva.com/wp-content/uploads/2023/02/61.png, https://chicglambyeva.com/wp-content/uploads/2023/02/58-1.png, https://chicglambyeva.com/wp-content/uploads/2023/02/62.png, https://chicglambyeva.com/wp-content/uploads/2023/02/59.png, https://chicglambyeva.com/wp-content/uploads/2023/02/WhatsApp-Image-2023-02-22-at-23.47.58-1.jpeg, https://chicglambyeva.com/wp-content/uploads/2023/02/WhatsApp-Image-2023-02-22-at-23.47.58-2.jpeg, https://chicglambyeva.com/wp-content/uploads/2023/02/67.png",,,,,,,,,0,"{""FLAWLESS"":{""name"":""FLAWLESS"",""type"":""color"",""terms"":{""adobe"":{""name"":""adobe"",""color"":""#7a5028"",""image"":"""",""show_tooltip"":"""",""tooltip_text"":"""",""tooltip_image"":"""",""image_size"":""""},""amande"":{""name"":""amande"",""color"":""#b07c25"",""image"":"""",""show_tooltip"":"""",""tooltip_text"":"""",""tooltip_image"":"""",""image_size"":""""},""caramel"":{""name"":""caramel"",""color"":""#bd8b5a"",""image"":"""",""show_tooltip"":"""",""tooltip_text"":"""",""tooltip_image"":"""",""image_size"":""""},""chenust"":{""name"":""chenust"",""color"":""#8a5c3a"",""image"":"""",""show_tooltip"":"""",""tooltip_text"":"""",""tooltip_image"":"""",""image_size"":""""},""coffe"":{""name"":""coffe"",""color"":""#683c1f"",""image"":"""",""show_tooltip"":"""",""tooltip_text"":"""",""tooltip_image"":"""",""image_size"":""""},""deep"":{""name"":""deep"",""color"":""#5a3427"",""image"":"""",""show_tooltip"":"""",""tooltip_text"":"""",""tooltip_image"":"""",""image_size"":""""},""dusk"":{""name"":""dusk"",""color"":""#f5c176"",""image"":"""",""show_tooltip"":"""",""tooltip_text"":"""",""tooltip_image"":"""",""image_size"":""""},""espresso"":{""name"":""espresso"",""color"":""#4c280e"",""image"":"""",""show_tooltip"":"""",""tooltip_text"":"""",""tooltip_image"":"""",""image_size"":""""},""light"":{""name"":""light"",""color"":""#e1b17a"",""image"":"""",""show_tooltip"":"""",""tooltip_text"":"""",""tooltip_image"":"""",""image_size"":""""},""tan"":{""name"":""tan"",""color"":""#c0853f"",""image"":"""",""show_tooltip"":"""",""tooltip_text"":"""",""tooltip_image"":"""",""image_size"":""""}}}}",FLAWLESS,"adobe, amande, caramel, chenust, coffe, deep, dusk, espresso, light, tan",1,1
3749,variation,,"FLAWLESS FINISH SKIN - espresso",1,0,visible,,,,,taxable,parent,1,,,0,0,,,,,0,,,30,,,,https://chicglambyeva.com/wp-content/uploads/2023/02/59.png,,,id:3748,,,,,,1,,FLAWLESS,espresso,,1
3750,variation,,"FLAWLESS FINISH SKIN - deep",1,0,visible,,,,,taxable,parent,1,,,0,0,,,,,0,,,30,,,,https://chicglambyeva.com/wp-content/uploads/2023/02/62.png,,,id:3748,,,,,,2,,FLAWLESS,deep,,1
3751,variation,,"FLAWLESS FINISH SKIN - coffe",1,0,visible,,,,,taxable,parent,1,,,0,0,,,,,0,,,30,,,,https://chicglambyeva.com/wp-content/uploads/2023/02/58-1.png,,,id:3748,,,,,,3,,FLAWLESS,coffe,,1
3752,variation,,"FLAWLESS FINISH SKIN - adobe",1,0,visible,,,,,taxable,parent,1,,,0,0,,,,,0,,,28,,,,https://chicglambyeva.com/wp-content/uploads/2023/02/61.png,,,id:3748,,,,,,4,,FLAWLESS,adobe,,1
3753,variation,,"FLAWLESS FINISH SKIN - chenust",1,0,visible,,,,,taxable,parent,1,,,0,0,,,,,0,,,30,,,,https://chicglambyeva.com/wp-content/uploads/2023/02/60.png,,,id:3748,,,,,,5,,FLAWLESS,chenust,,1
3754,variation,,"FLAWLESS FINISH SKIN - caramel",1,0,visible,,,,,taxable,parent,1,,,0,0,,,,,0,,,30,,,,https://chicglambyeva.com/wp-content/uploads/2023/02/63.png,,,id:3748,,,,,,6,,FLAWLESS,caramel,,1
3755,variation,,"FLAWLESS FINISH SKIN - tan",1,0,visible,,,,,taxable,parent,1,,,0,0,,,,,0,,,30,,,,https://chicglambyeva.com/wp-content/uploads/2023/02/64.png,,,id:3748,,,,,,7,,FLAWLESS,tan,,1
3756,variation,,"FLAWLESS FINISH SKIN - amande",1,0,visible,,,,,taxable,parent,1,,,0,0,,,,,0,,,30,,,,https://chicglambyeva.com/wp-content/uploads/2023/02/68.png,,,id:3748,,,,,,8,,FLAWLESS,amande,,1
3757,variation,,"FLAWLESS FINISH SKIN - light",1,0,visible,,,,,taxable,parent,1,,,0,0,,,,,0,,,28,,,,https://chicglambyeva.com/wp-content/uploads/2023/02/65.png,,,id:3748,,,,,,9,,FLAWLESS,light,,1
3758,variation,,"FLAWLESS FINISH SKIN - dusk",1,0,visible,,,,,taxable,parent,1,,,0,0,,,,,0,,,30,,,,https://chicglambyeva.com/wp-content/uploads/2023/02/66.png,,,id:3748,,,,,,10,,FLAWLESS,dusk,,1
3769,variable,,"Poudre libre / translucide",1,0,visible,"vec un effet couvrant tout en laissant la peau paraître naturelle. Parfaite pour tous les teints et disponible en 7 belles nuances. Sa texture soyeuse et ultra- fine pour un fini mat, raffiné, velouté, sans pores apparents et sans retouche.","vec un effet couvrant tout en laissant la peau paraître naturelle. Parfaite pour tous les teints et disponible en 3 belles nuances. Sa texture soyeuse et ultra- fine pour un fini mat, raffiné, velouté, sans pores apparents et sans retouche.\n\nCaractéristiques principales\n\n- résiste à la sueur\n- ne brille pas\n- n'est pas poussiéreuse\n- vegan\n- sans cruauté\n- waterproof",,,taxable,,1,,,0,0,,,,,1,,,,"Makeup, Makeup > Teint > Poudre Libre/ translucide, Makeup > Teint",,,"https://chicglambyeva.com/wp-content/uploads/2023/02/69.png, https://chicglambyeva.com/wp-content/uploads/2023/02/74.png, https://chicglambyeva.com/wp-content/uploads/2023/02/73.png, https://chicglambyeva.com/wp-content/uploads/2023/02/72.png, https://chicglambyeva.com/wp-content/uploads/2023/02/71.png, https://chicglambyeva.com/wp-content/uploads/2023/02/70.png",,,,,,,,,0,"{""Poudre libre \/ translucide"":{""name"":""Poudre libre \/ translucide"",""type"":""color"",""terms"":{""#10"":{""name"":""#10"",""color"":""#49271c"",""image"":"""",""show_tooltip"":"""",""tooltip_text"":"""",""tooltip_image"":"""",""image_size"":""""},""#3"":{""name"":""#3"",""color"":""#d2ba8a"",""image"":"""",""show_tooltip"":"""",""tooltip_text"":"""",""tooltip_image"":"""",""image_size"":""""},""#7"":{""name"":""#7"",""color"":""#e1ddda"",""image"":"""",""show_tooltip"":"""",""tooltip_text"":"""",""tooltip_image"":"""",""image_size"":""""},""#8"":{""name"":""#8"",""color"":""#aa6740"",""image"":"""",""show_tooltip"":"""",""tooltip_text"":"""",""tooltip_image"":"""",""image_size"":""""}}}}","Poudre libre / translucide","#10, #3, #7, #8",1,1
3770,variation,,"Poudre libre / translucide - #10",1,0,visible,,,,,taxable,parent,1,,,0,0,,,,,0,,,18,,,,https://chicglambyeva.com/wp-content/uploads/2023/02/70.png,,,id:3769,,,,,,0,,"Poudre libre / translucide",#10,,1
3771,variation,,"Poudre libre / translucide - #8",1,0,visible,,,,,taxable,parent,1,,,0,0,,,,,0,,,18,,,,https://chicglambyeva.com/wp-content/uploads/2023/02/71.png,,,id:3769,,,,,,0,,"Poudre libre / translucide",#8,,1
3772,variation,,"Poudre libre / translucide - #3",1,0,visible,,,,,taxable,parent,1,,,0,0,,,,,0,,,18,,,,https://chicglambyeva.com/wp-content/uploads/2023/02/72.png,,,id:3769,,,,,,0,,"Poudre libre / translucide",#3,,1
3773,variation,,"Poudre libre / translucide - #7",1,0,visible,,,,,taxable,parent,1,,,0,0,,,,,0,,,18,,,,https://chicglambyeva.com/wp-content/uploads/2023/02/73.png,,,id:3769,,,,,,0,,"Poudre libre / translucide",#7,,1
3774,simple,,"PERFECT CONTOURING/CONCEALER",1,0,visible,"Cette brosse facilite l'application du correcteur et /ou de l'anticerne. Les poils naturels évitent le gaspillage et permettent d'estomper le produit de façon impeccable. Ce pinceau anticerne ou contouring idéal à poils souples et à bout arrondi pour des corrections ultras localisées.","Cette brosse facilite l'application du correcteur et /ou de l'anticerne. Les poils naturels évitent le gaspillage et permettent d'estomper le produit de façon impeccable. Ce pinceau anticerne ou contouring idéal à poils souples et à bout arrondi pour des corrections ultras localisées.\n\nDÉTAILS\n\nType de poils: nylon\nZone spécifique: visage\nVegan\nAvantages :\n-diminue la taille du front\n-affiner le nez\n-accentuer les creux sur les joues\n- corriger les imperfections\n\nCONSEILS D'UTILISATION\nPour appliquer du fond de teint/ concealer sur le visage ou encore faire le contour des pommettes pour un maquillage sophistiqué.\nNettoyer régulièrement pour une hygiène optimale.",,,taxable,,1,,,0,0,,,,,1,,,6,"Accessoires, Accessoires > Pinceaux de maquillage",,,"https://chicglambyeva.com/wp-content/uploads/2023/02/Sans-titre-12.png, https://chicglambyeva.com/wp-content/uploads/2023/02/76.png",,,,,,,,,0,,,,,
3782,simple,,"Pinceau de teint kabuki",1,0,visible,"Pinceau de teint kabuki\n\nEn design de poignée de base à forme de losange aux poils d'une extrême douceur, permettent un maquillage discret, très pratique à réaliser et confortable qu'elle soit le fond de teint, libre ou illuminatrice. Il s'étale délicatement en mouvement circulaire.","<blockquote>Pinceau de teint kabuki</blockquote>\nEn design de poignée de base à forme de losange aux poils d'une extrême douceur, permettent un maquillage discret, très pratique à réaliser et confortable qu'elle soit le fond de teint, libre ou illuminatrice. Il s'étale délicatement en mouvement circulaire.\n\nDÉTAILS\nOutil : brosse\nMatière : synthétique\nZone spécifique : visage\n\nAVANTAGES :\n-doux et haute élasticité\n-poils denses , parfait pour étirer n'importe qu'elle fond de teint.\n\nCONSEILS D'UTILISATION :\nidéal pour doser la quantité de poudre/ fond de teint grâce à ses poils extra doux.\nEffectuez des mouvements circulaires en suivant les courbes du visage .\n\nNettoyez régulièrement au savon pour une hygiène optimale.",,,taxable,,1,,,0,0,,,,,1,,,7,"Accessoires, Accessoires > Pinceaux de maquillage",,,"https://chicglambyeva.com/wp-content/uploads/2023/02/Photoroom-20240222_171713.png, https://chicglambyeva.com/wp-content/uploads/2023/02/79-1.png, https://chicglambyeva.com/wp-content/uploads/2023/02/81-1.png, https://chicglambyeva.com/wp-content/uploads/2023/02/Photoroom-20240222_222932.png",,,,,,,,,0,,,,,
3788,variable,,"Lipstick chic kiss",1,0,visible,"<span data-contrast=""auto"">Le rouge à lèvres CHIC KISS offre à la fois une excellente hydratation et une bonne tenue grâce à sa formule vegan cruelty free ,waterproof , enrichi en vitamine E. Riche en pigments ,  qui sèche en quelques secondes .</span><span data-ccp-props=""{&quot;134245417&quot;:false,&quot;201341983&quot;:0,&quot;335559739&quot;:0,&quot;335559740&quot;:240}""> </span>","<span data-contrast=""auto"">Le rouge à lèvres CHIC KISS offre à la fois une excellente hydratation et une bonne tenue grâce à sa formule vegan cruelty free ,waterproof , enrichi en vitamine E. Riche en pigments ,  qui sèche en quelques secondes .</span><span data-ccp-props=""{&quot;134245417&quot;:false,&quot;201341983&quot;:0,&quot;335559739&quot;:0,&quot;335559740&quot;:240}""> </span>\n\n<span data-contrast=""auto"">Le CHIC KISS allie confort et douceur d'une texture crème et d'une finition mate poudrée . Découvrez les 8 belles nuances qui vous resteront fidèles toute la journée et qui résistent au ""french kiss""</span><span data-ccp-props=""{&quot;134245417&quot;:false,&quot;201341983&quot;:0,&quot;335559739&quot;:0,&quot;335559740&quot;:240}""> </span><span data-ccp-props=""{&quot;134245417&quot;:false,&quot;201341983&quot;:0,&quot;335559739&quot;:0,&quot;335559740&quot;:240}""> </span>\n\n<span data-contrast=""auto"">-vegan</span><span data-ccp-props=""{&quot;134245417&quot;:false,&quot;201341983&quot;:0,&quot;335559739&quot;:0,&quot;335559740&quot;:240}""> </span>\n\n<span data-contrast=""auto"">-Mineral</span><span data-ccp-props=""{&quot;134245417&quot;:false,&quot;201341983&quot;:0,&quot;335559739&quot;:0,&quot;335559740&quot;:240}""> </span>\n\n<span data-contrast=""auto"">-longue tenue </span><span data-ccp-props=""{&quot;134245417&quot;:false,&quot;201341983&quot;:0,&quot;335559739&quot;:0,&quot;335559740&quot;:240}""> </span>\n\n<span data-ccp-props=""{&quot;134245417&quot;:false,&quot;201341983&quot;:0,&quot;335559739&quot;:0,&quot;335559740&quot;:240}""> </span>\n\n<span data-contrast=""auto"">Ingrédients :</span><span data-ccp-props=""{&quot;134245417&quot;:false,&quot;201341983&quot;:0,&quot;335559739&quot;:0,&quot;335559740&quot;:240}""> </span>\n\n<span data-contrast=""auto"">Minéral oil, Hydrogenated Polyisobutene, Ozokerite,Micrystle Wax, Euphorbia Cerifera(Candelilla)Wax, May contain:Red7 Lake, Red6, Iron Oxides, Titanium.</span><span data-ccp-props=""{&quot;134245417&quot;:false,&quot;201341983&quot;:0,&quot;335559739&quot;:0,&quot;335559740&quot;:240}""> </span>\n\n<span data-ccp-props=""{&quot;134245417&quot;:false,&quot;201341983&quot;:0,&quot;335559739&quot;:0,&quot;335559740&quot;:240}""> </span>",,,taxable,,1,,,0,0,,,,,1,,,,"Makeup > Lèvres, Makeup > Lèvres > LIPSTICK mate, Makeup",,,"https://chicglambyeva.com/wp-content/uploads/2023/02/Sans-titre-13.png, https://chicglambyeva.com/wp-content/uploads/2023/02/83.png, https://chicglambyeva.com/wp-content/uploads/2023/02/84.png, https://chicglambyeva.com/wp-content/uploads/2023/02/85.png, https://chicglambyeva.com/wp-content/uploads/2023/02/86.png, https://chicglambyeva.com/wp-content/uploads/2023/02/87.png, https://chicglambyeva.com/wp-content/uploads/2023/02/88.png, https://chicglambyeva.com/wp-content/uploads/2023/02/89.png, https://chicglambyeva.com/wp-content/uploads/2023/02/90.png",,,,,,,,,0,"{""CHIC KISS lipstick"":{""name"":""CHIC KISS lipstick"",""type"":""color"",""terms"":{""cherry"":{""name"":""cherry"",""color"":""#945453"",""image"":"""",""show_tooltip"":"""",""tooltip_text"":"""",""tooltip_image"":"""",""image_size"":""""},""chocolate"":{""name"":""chocolate"",""color"":""#642f27"",""image"":"""",""show_tooltip"":"""",""tooltip_text"":"""",""tooltip_image"":"""",""image_size"":""""},""envy"":{""name"":""envy"",""color"":""#c75545"",""image"":"""",""show_tooltip"":"""",""tooltip_text"":"""",""tooltip_image"":"""",""image_size"":""""},""nude"":{""name"":""nude"",""color"":""#af8065"",""image"":"""",""show_tooltip"":"""",""tooltip_text"":"""",""tooltip_image"":"""",""image_size"":""""},""red clara"":{""name"":""red clara"",""color"":""#8c0511"",""image"":"""",""show_tooltip"":"""",""tooltip_text"":"""",""tooltip_image"":"""",""image_size"":""""},""rose gold"":{""name"":""rose gold"",""color"":""#bb9c8f"",""image"":"""",""show_tooltip"":"""",""tooltip_text"":"""",""tooltip_image"":"""",""image_size"":""""},""sweety pink"":{""name"":""sweety pink"",""color"":""#a46b71"",""image"":"""",""show_tooltip"":"""",""tooltip_text"":"""",""tooltip_image"":"""",""image_size"":""""}}}}","CHIC KISS lipstick","cherry, chocolate, envy, nude, red clara, rose gold, sweety pink",1,1
3799,variation,,"Lipstick chic kiss - sweety pink",1,0,visible,,,,,taxable,parent,1,,,0,0,,,,,0,,,15,,,,https://chicglambyeva.com/wp-content/uploads/2023/02/88.png,,,id:3788,,,,,,0,,"CHIC KISS lipstick","sweety pink",,1
3800,variation,,"Lipstick chic kiss - rose gold",1,0,visible,,,,,taxable,parent,1,,,0,0,,,,,0,,,15,,,,https://chicglambyeva.com/wp-content/uploads/2023/02/86.png,,,id:3788,,,,,,0,,"CHIC KISS lipstick","rose gold",,1
3801,variation,,"Lipstick chic kiss - red clara",1,0,visible,,,,,taxable,parent,1,,,0,0,,,,,0,,,15,,,,https://chicglambyeva.com/wp-content/uploads/2023/02/83.png,,,id:3788,,,,,,0,,"CHIC KISS lipstick","red clara",,1
3802,variation,,"Lipstick chic kiss - nude",1,0,visible,,,,,taxable,parent,1,,,0,0,,,,,0,,,15,,,,https://chicglambyeva.com/wp-content/uploads/2023/02/89.png,,,id:3788,,,,,,0,,"CHIC KISS lipstick",nude,,1
3803,variation,,"Lipstick chic kiss - envy",1,0,visible,,,,,taxable,parent,1,,,0,0,,,,,0,,,15,,,,https://chicglambyeva.com/wp-content/uploads/2023/02/84.png,,,id:3788,,,,,,0,,"CHIC KISS lipstick",envy,,1
3804,variation,,"Lipstick chic kiss - chocolate",1,0,visible,,,,,taxable,parent,1,,,0,0,,,,,0,,,15,,,,https://chicglambyeva.com/wp-content/uploads/2023/02/85.png,,,id:3788,,,,,,0,,"CHIC KISS lipstick",chocolate,,1
3805,variation,,"Lipstick chic kiss - cherry",1,0,visible,,,,,taxable,parent,1,,,0,0,,,,,0,,,15,,,,https://chicglambyeva.com/wp-content/uploads/2023/02/87.png,,,id:3788,,,,,,0,,"CHIC KISS lipstick",cherry,,1
3813,variable,,"Kit nuisette",1,0,visible,"Instant de grâce charnel et très sensuel avec la collection SECRET DE DAME . Chic &amp;glamour by eva a le plaisir de vous offrir un service sur mesure sur une large gamme de nuisette ouverte devant, un ensemble kimono en soie avec ou sans motifs et un dessous en petit pagne/paréo accessoirisé de 2 tours de taille/perles cristal appelé localement bine-bine, Bayas ou ferr, alliant élégance et le meilleur du raffinement sénégalais travaillé par les mains expertes et passionnées de femmes artisans du pays de la teranga.","Instant de grâce charnel et très sensuel avec la collection SECRET DE DAME . Chic &amp;glamour by eva a le plaisir de vous offrir un service sur mesure sur une large gamme de nuisette ouverte devant, un ensemble kimono en soie avec ou sans motifs et un dessous en petit pagne/paréo accessoirisé de 2 tours de taille/perles cristal appelé localement bine-bine, Bayas ou ferr, alliant élégance et le meilleur du raffinement sénégalais travaillé par les mains expertes et passionnées de femmes artisans du pays de la teranga.\n\nCouleur : multiple\nStyle: soie, maille\nGenre : femme\nConfection : made in Sénégal\n\nConseils d'entretien :\n-Laver à la main ou à la machine à des coloris similaires.\n-Séchage en tambour interdit.\n- repassage doux sur envers.",,,taxable,,1,,,0,0,,,,,1,,,,"Lingerie > Nuisettes > Kit kimono, Lingerie, Lingerie > Nuisettes",,,"https://chicglambyeva.com/wp-content/uploads/2023/02/91.png, https://chicglambyeva.com/wp-content/uploads/2023/02/112.png, https://chicglambyeva.com/wp-content/uploads/2023/02/113.png, https://chicglambyeva.com/wp-content/uploads/2023/02/114.png",,,,,,,,,0,"{""Kit nuisette"":{""name"":""Kit nuisette"",""type"":""image"",""terms"":{""art"":{""name"":""art"",""color"":"""",""image"":""https:\/\/chicglambyeva.com\/wp-content\/uploads\/2023\/02\/113.png"",""show_tooltip"":"""",""tooltip_text"":"""",""tooltip_image"":"""",""image_size"":""3851""},""noir"":{""name"":""noir"",""color"":"""",""image"":""https:\/\/chicglambyeva.com\/wp-content\/uploads\/2023\/02\/91.png"",""show_tooltip"":"""",""tooltip_text"":"""",""tooltip_image"":"""",""image_size"":""3811""},""rose"":{""name"":""rose"",""color"":"""",""image"":""https:\/\/chicglambyeva.com\/wp-content\/uploads\/2023\/02\/114.png"",""show_tooltip"":"""",""tooltip_text"":"""",""tooltip_image"":"""",""image_size"":""3852""},""voilet"":{""name"":""voilet"",""color"":"""",""image"":""https:\/\/chicglambyeva.com\/wp-content\/uploads\/2023\/02\/112.png"",""show_tooltip"":"""",""tooltip_text"":"""",""tooltip_image"":"""",""image_size"":""3850""}}}}","Kit nuisette","art, noir, rose, voilet",1,1
3833,variable,,"Pagne/paréo court",1,0,visible,"Ces petits pagnes /Paréos sexy courts traditionnels sont l'apanage des sénégalaises .ils font office de nuisette ou LINGERIE et sont les éléments clef de l'arsenal de séduction féminine. En général, ils sont accessoirisés de perles en cristal appelés localement bine-bine ,baya ou ferr et sont de matière coton, soie, maille etc... découvrez nos produits faits par les mains expertes et passionnées de femmes artisans du pays de la teranga.","Ces petits pagnes /Paréos sexy courts traditionnels sont l'apanage des sénégalaises .ils font office de nuisette ou LINGERIE et sont les éléments clef de l'arsenal de séduction féminine. En général, ils sont accessoirisés de perles en cristal appelés localement bine-bine ,baya ou ferr et sont de matière coton, soie, maille etc... découvrez nos produits faits par les mains expertes et passionnées de femmes artisans du pays de la teranga.\n\nCouleur : multiple\nMatière : coton , soie, maille\nStyle : LINGERIE, dessous\nGenre : féminin\nConfection : made in Sénégal",,,taxable,,1,,,0,0,,,,,1,,,,"Lingerie, Lingerie > Nuisettes, Lingerie > Nuisettes > Petits pagnes",,,"https://chicglambyeva.com/wp-content/uploads/2023/02/110.png, https://chicglambyeva.com/wp-content/uploads/2023/02/111.png, https://chicglambyeva.com/wp-content/uploads/2023/02/110.png, https://chicglambyeva.com/wp-content/uploads/2023/02/102.png, https://chicglambyeva.com/wp-content/uploads/2023/02/101.png, https://chicglambyeva.com/wp-content/uploads/2023/02/100.png, https://chicglambyeva.com/wp-content/uploads/2023/02/103.png, https://chicglambyeva.com/wp-content/uploads/2023/02/108.png, https://chicglambyeva.com/wp-content/uploads/2023/02/107.png, https://chicglambyeva.com/wp-content/uploads/2023/02/106.png, https://chicglambyeva.com/wp-content/uploads/2023/02/105.png, https://chicglambyeva.com/wp-content/uploads/2023/02/104.png, https://chicglambyeva.com/wp-content/uploads/2023/02/109.png",,,,,,,,,0,"{""Pagne\/par\u00e9o court"":{""name"":""Pagne\/par\u00e9o court"",""type"":""color"",""terms"":{""1"":{""name"":""1"",""color"":""#50739d"",""image"":"""",""show_tooltip"":"""",""tooltip_text"":"""",""tooltip_image"":"""",""image_size"":""""},""2"":{""name"":""2"",""color"":""#22272b"",""image"":"""",""show_tooltip"":"""",""tooltip_text"":"""",""tooltip_image"":"""",""image_size"":""""},""3"":{""name"":""3"",""color"":""#fff7f7"",""image"":"""",""show_tooltip"":"""",""tooltip_text"":"""",""tooltip_image"":"""",""image_size"":""""},""4"":{""name"":""4"",""color"":""#175bc0"",""image"":"""",""show_tooltip"":"""",""tooltip_text"":"""",""tooltip_image"":"""",""image_size"":""""},""5"":{""name"":""5"",""color"":""#a40d0c"",""image"":"""",""show_tooltip"":"""",""tooltip_text"":"""",""tooltip_image"":"""",""image_size"":""""},""6"":{""name"":""6"",""color"":""#c9364f"",""image"":"""",""show_tooltip"":"""",""tooltip_text"":"""",""tooltip_image"":"""",""image_size"":""""},""7"":{""name"":""7"",""color"":""#c8c2b6"",""image"":"""",""show_tooltip"":"""",""tooltip_text"":"""",""tooltip_image"":"""",""image_size"":""""}}}}","Pagne/paréo court","1, 2, 3, 4, 5, 6, 7",1,1
3834,variation,,"Pagne/paréo court - 7",1,0,visible,,,,,taxable,parent,1,,,0,0,,,,,0,,,15,,,,https://chicglambyeva.com/wp-content/uploads/2023/02/105.png,,,id:3833,,,,,,0,,"Pagne/paréo court",7,,1
3835,variation,,"Pagne/paréo court - 6",1,0,visible,,,,,taxable,parent,1,,,0,0,,,,,0,,,15,,,,https://chicglambyeva.com/wp-content/uploads/2023/02/107.png,,,id:3833,,,,,,0,,"Pagne/paréo court",6,,1
3836,variation,,"Pagne/paréo court - 5",1,0,visible,,,,,taxable,parent,1,,,0,0,,,,,0,,,15,,,,https://chicglambyeva.com/wp-content/uploads/2023/02/100.png,,,id:3833,,,,,,0,,"Pagne/paréo court",5,,1
3837,variation,,"Pagne/paréo court - 4",1,0,visible,,,,,taxable,parent,1,,,0,0,,,,,0,,,15,,,,https://chicglambyeva.com/wp-content/uploads/2023/02/109.png,,,id:3833,,,,,,0,,"Pagne/paréo court",4,,1
3838,variation,,"Pagne/paréo court - 3",1,0,visible,,,,,taxable,parent,1,,,0,0,,,,,0,,,15,,,,https://chicglambyeva.com/wp-content/uploads/2023/02/111.png,,,id:3833,,,,,,0,,"Pagne/paréo court",3,,1
3839,variation,,"Pagne/paréo court - 2",1,0,visible,,,,,taxable,parent,1,,,0,0,,,,,0,,,15,,,,https://chicglambyeva.com/wp-content/uploads/2023/02/102.png,,,id:3833,,,,,,0,,"Pagne/paréo court",2,,1
3840,variation,,"Pagne/paréo court - 1",1,0,visible,,,,,taxable,parent,1,,,0,0,,,,,0,,,15,,,,https://chicglambyeva.com/wp-content/uploads/2023/02/110.png,,,id:3833,,,,,,0,,"Pagne/paréo court",1,,1
3842,variable,,"Pagne/paréo à  l'africaine  long",1,0,visible,"Ces petits pagnes /Paréos sexy longs traditionnels sont l'apanage des sénégalaises .ils font office de nuisette ou LINGERIE et sont les éléments clef de l'arsenal de séduction féminine. En général, ils sont accessoirisés de perles en cristal appelés localement bine-bine ,abaya ou ferr et sont se matière conton, soie, maille etc... découvrez nos produits faits par les mains expertes et passionnées de femmes artisans du pays de la teranga.","Ces petits pagnes /Paréos sexy longs traditionnels sont l'apanage des sénégalaises .ils font office de nuisette ou LINGERIE et sont les éléments clef de l'arsenal de séduction féminine. En général, ils sont accessoirisés de perles en cristal appelés localement bine-bine ,abaya ou ferr et sont se matière conton, soie, maille etc... découvrez nos produits faits par les mains expertes et passionnées de femmes artisans du pays de la teranga.\n\nCouleur : multiple\nMatière : coton , soie, maille\nStyle : LINGERIE, dessous\nGenre : féminin\nConfection : made in Sénégal",,,taxable,,1,,,0,0,,,,,1,,,,"Lingerie, Lingerie > Nuisettes, Lingerie > Nuisettes > Petits pagnes",,,"https://chicglambyeva.com/wp-content/uploads/2023/02/99.png, https://chicglambyeva.com/wp-content/uploads/2023/02/92.png, https://chicglambyeva.com/wp-content/uploads/2023/02/93.png, https://chicglambyeva.com/wp-content/uploads/2023/02/94.png, https://chicglambyeva.com/wp-content/uploads/2023/02/95.png, https://chicglambyeva.com/wp-content/uploads/2023/02/96.png, https://chicglambyeva.com/wp-content/uploads/2023/02/97.png, https://chicglambyeva.com/wp-content/uploads/2023/02/98.png, https://chicglambyeva.com/wp-content/uploads/2023/02/99.png",,,,,,,,,0,"{""Pagne\/par\u00e9o long"":{""name"":""Pagne\/par\u00e9o long"",""type"":""color"",""terms"":{""1"":{""name"":""1"",""color"":""#3c4860"",""image"":"""",""show_tooltip"":"""",""tooltip_text"":"""",""tooltip_image"":"""",""image_size"":""""},""2"":{""name"":""2"",""color"":""#d64741"",""image"":"""",""show_tooltip"":"""",""tooltip_text"":"""",""tooltip_image"":"""",""image_size"":""""},""3"":{""name"":""3"",""color"":""#ffffff"",""image"":"""",""show_tooltip"":"""",""tooltip_text"":"""",""tooltip_image"":"""",""image_size"":""""},""4"":{""name"":""4"",""color"":""#1c51bb"",""image"":"""",""show_tooltip"":"""",""tooltip_text"":"""",""tooltip_image"":"""",""image_size"":""""},""5"":{""name"":""5"",""color"":""#c33da4"",""image"":"""",""show_tooltip"":"""",""tooltip_text"":"""",""tooltip_image"":"""",""image_size"":""""},""6"":{""name"":""6"",""color"":""#d7b75c"",""image"":"""",""show_tooltip"":"""",""tooltip_text"":"""",""tooltip_image"":"""",""image_size"":""""}}}}","Pagne/paréo long","1, 2, 3, 4, 5, 6",1,1
3843,variation,,"Pagne/paréo à  l'africaine  long - 6",1,0,visible,,,,,taxable,parent,1,,,0,0,,,,,0,,,12,,,,https://chicglambyeva.com/wp-content/uploads/2023/02/98.png,,,id:3842,,,,,,0,,"Pagne/paréo long",6,,1
3844,variation,,"Pagne/paréo à  l'africaine  long - 5",1,0,visible,,,,,taxable,parent,1,,,0,0,,,,,0,,,12,,,,https://chicglambyeva.com/wp-content/uploads/2023/02/97.png,,,id:3842,,,,,,0,,"Pagne/paréo long",5,,1
3845,variation,,"Pagne/paréo à  l'africaine  long - 4",1,0,visible,,,,,taxable,parent,1,,,0,0,,,,,0,,,12,,,,https://chicglambyeva.com/wp-content/uploads/2023/02/96.png,,,id:3842,,,,,,0,,"Pagne/paréo long",4,,1
3846,variation,,"Pagne/paréo à  l'africaine  long - 3",1,0,visible,,,,,taxable,parent,1,,,0,0,,,,,0,,,12,,,,https://chicglambyeva.com/wp-content/uploads/2023/02/94.png,,,id:3842,,,,,,0,,"Pagne/paréo long",3,,1
3847,variation,,"Pagne/paréo à  l'africaine  long - 2",1,0,visible,,,,,taxable,parent,1,,,0,0,,,,,0,,,12,,,,https://chicglambyeva.com/wp-content/uploads/2023/02/93.png,,,id:3842,,,,,,0,,"Pagne/paréo long",2,,1
3848,variation,,"Pagne/paréo à  l'africaine  long - 1",1,0,visible,,,,,taxable,parent,1,,,0,0,,,,,0,,,12,,,,https://chicglambyeva.com/wp-content/uploads/2023/02/92.png,,,id:3842,,,,,,0,,"Pagne/paréo long",1,,1
3853,variation,,"Kit nuisette - rose",1,0,visible,,,,,taxable,parent,1,,,0,0,,,,,0,,,65,,,,https://chicglambyeva.com/wp-content/uploads/2023/02/114.png,,,id:3813,,,,,,0,,"Kit nuisette",rose,,1
3854,variation,,"Kit nuisette - art",1,0,visible,,,,,taxable,parent,1,,,0,0,,,,,0,,,65,,,,https://chicglambyeva.com/wp-content/uploads/2023/02/113.png,,,id:3813,,,,,,0,,"Kit nuisette",art,,1
3855,variation,,"Kit nuisette - voilet",1,0,visible,,,,,taxable,parent,1,,,0,0,,,,,0,,,65,,,,https://chicglambyeva.com/wp-content/uploads/2023/02/112.png,,,id:3813,,,,,,0,,"Kit nuisette",voilet,,1
3856,variation,,"Kit nuisette - noir",1,0,visible,,,,,taxable,parent,1,,,0,0,,,,,0,,,65,,,,https://chicglambyeva.com/wp-content/uploads/2023/02/91.png,,,id:3813,,,,,,0,,"Kit nuisette",noir,,1
4255,simple,,"Gloss brillant",1,0,visible,,"Des nuances vibrantes richessent en pigments avec un éclat vibrant qui se mouille et laisse les lèvres avec une finition audacieuse et peut-être porté seul ou superposé pour créer un effet superposé..\n15 teintes intemporelles et faciles à porter au gloss ultra pigmentées, pour des lèvres voluptueuses. La texture est légère, veloutée, confortable et un résultat longue-tenue.\n\nvegan (végétalien)\n\nwaterproof\n\nsans fragrance\n\nsans cruauté\n\nlongue tenue\n\nécologique\n\n&nbsp;",,,taxable,,1,,,0,0,,,,,1,,,12.00,"Makeup > Lèvres, Makeup > Lèvres > Lipgloss, Makeup",,,"https://chicglambyeva.com/wp-content/uploads/2024/02/20210427_154255.jpg, https://chicglambyeva.com/wp-content/uploads/2024/02/Photoroom-20240222_172701.png",,,,,,,,,0,,,,,
4285,simple,,"Mascara bleu saphir",1,0,visible,"<span data-contrast=""auto"">La couleur, le volume, la longueur, en un seul geste  les cils sont immédiatement magnifiés, allongés, densifiés. Grâce à sa brosse et sa formule innovantes, l’Impact du Mascara étoffe, allonge, recourbe et coiffe tous les cils, en un clin d'œil et en un seul passage.</span><span data-ccp-props=""{&quot;134245417&quot;:false,&quot;201341983&quot;:0,&quot;335559739&quot;:0,&quot;335559740&quot;:240,&quot;469777462&quot;:[720,1440,2160,2880,3600,4320,5040,5760,6480,7200,7920,8640],&quot;469777927&quot;:[0,0,0,0,0,0,0,0,0,0,0,0],&quot;469777928&quot;:[1,1,1,1,1,1,1,1,1,1,1,1]}""> </span>","<div class=""elementor elementor-13 elementor-location-header"" data-elementor-type=""header"" data-elementor-id=""13"" data-elementor-post-type=""elementor_library"">\n<div class=""elementor-element elementor-element-56e035c elementor-hidden-desktop e-flex e-con-boxed e-con e-parent elementor-sticky elementor-sticky--effects elementor-sticky--active elementor-section--handles-inside"" data-id=""56e035c"" data-element_type=""container"" data-settings=""{&quot;background_background&quot;:&quot;classic&quot;,&quot;sticky&quot;:&quot;top&quot;,&quot;content_width&quot;:&quot;boxed&quot;,&quot;sticky_on&quot;:[&quot;desktop&quot;,&quot;tablet&quot;,&quot;mobile&quot;],&quot;sticky_offset&quot;:0,&quot;sticky_effects_offset&quot;:0}"" data-core-v316-plus=""true"">\n<div class=""e-con-inner"">\n<div class=""elementor-element elementor-element-20ddc75 e-con-full e-flex e-con e-child"" data-id=""20ddc75"" data-element_type=""container"" data-settings=""{&quot;content_width&quot;:&quot;full&quot;}"">\n<div class=""elementor-element elementor-element-6fef5a0 elementor-hidden-desktop elementor-widget elementor-widget-image"" data-id=""6fef5a0"" data-element_type=""widget"" data-widget_type=""image.default"">\n\nDonnez vie à vos cils avec le Mascara Volume Intense SAPHIR BLEU Arborant un design moderne et chic, ce mascara offre une expérience exceptionnelle pour des cils audacieux et irrésistibles.\n\n</div>\n</div>\n</div>\n</div>\n</div>\n<!--more-->\n\n&nbsp;\n<div class=""elementor elementor-269 elementor-location-single post-789 product type-product status-publish has-post-thumbnail product_cat-non-classe pa_couleurs-mascaras-blanc pa_couleurs-mascaras-noir first instock taxable shipping-taxable purchasable product-type-variable product"" data-elementor-type=""product"" data-elementor-id=""269"" data-elementor-post-type=""elementor_library"">\n<div class=""elementor-element elementor-element-730efb8 e-flex e-con-boxed e-con e-parent"" data-id=""730efb8"" data-element_type=""container"" data-settings=""{&quot;background_background&quot;:&quot;classic&quot;,&quot;content_width&quot;:&quot;boxed&quot;}"" data-core-v316-plus=""true"">\n<div class=""e-con-inner"">\n<div class=""elementor-element elementor-element-8a918df e-con-full e-flex e-con e-child"" data-id=""8a918df"" data-element_type=""container"" data-settings=""{&quot;content_width&quot;:&quot;full&quot;}"">\n<div class=""elementor-element elementor-element-949ff19 elementor-widget elementor-widget-woocommerce-product-content"" data-id=""949ff19"" data-element_type=""widget"" data-widget_type=""woocommerce-product-content.default"">\n<div class=""elementor-widget-container"">\n<p class=""p1"" style=""text-align: right;""></p>\n\n</div>\n</div>\n</div>\n</div>\n</div>\n</div>",,,taxable,,1,,,0,0,,,,,1,,,17,"Makeup, Makeup > Yeux > Mascara, Makeup > Yeux",waterproof,,"https://chicglambyeva.com/wp-content/uploads/2023/02/27.png, https://chicglambyeva.com/wp-content/uploads/2023/02/28.png, https://chicglambyeva.com/wp-content/uploads/2023/02/29.png",,,,,,,,,0,,,,,
4420,simple,,Hydratante,1,0,visible,,"<p style=""padding-left: 40px; text-align: left;""><!--more-->Ce primer est une base fixatrice hydratante, une apprêt maquillage qui resserre les pores, matifie et hydrate la peau pour un effet glow.\nAvec sa consistance crémeuse , elle adhère bien la peau et la prépare ainsi parfaitement au maquillage. Convient aux peaux mixtes et asséchées.</p>\n<p style=""padding-left: 40px; text-align: left;""></p>",,,taxable,,1,,,0,0,,,,,1,,,15,"Makeup > Teint > Primeur/ base, Makeup > Teint",,,"https://chicglambyeva.com/wp-content/uploads/2024/07/Photoroom-20240609_154217.png, https://chicglambyeva.com/wp-content/uploads/2024/08/Photoroom-20240817_153425.png, https://chicglambyeva.com/wp-content/uploads/2024/07/Photoroom-20240621_180627.png, https://chicglambyeva.com/wp-content/uploads/2024/08/Photoroom-20240816_203209.png",,,,,,,,,0,,,,,
4445,simple,,MATIFIANTE,1,1,visible,,"<!--more-->Sa formule permet de réduire l'apparence des pores et aide à contrôler l'excès de sébum,  uniformise le teint et atténue les brillances tout en préparant la peau au maquillage.\n<!--more-->",,,taxable,,1,,,0,0,,,,,1,,,15.00,"Makeup, Makeup > Teint > Primeur/ base, Makeup > Teint","fond de teint, maquillage, minérale, teint, waterproof",,"https://chicglambyeva.com/wp-content/uploads/2024/07/Photoroom-20240621_234504.png, https://chicglambyeva.com/wp-content/uploads/2024/08/Photoroom-20240817_152546.png, https://chicglambyeva.com/wp-content/uploads/2024/07/Photoroom-20240621_234341.png, https://chicglambyeva.com/wp-content/uploads/2024/08/Photoroom-20240817_153108.png",,,,,,,,,0,,,,,
4449,simple,,"FINISH  HD",1,0,visible,"Découvrez votre nouveau spray nourrissant dans une formule à base de glycérine ,sans alcool et sans silicone. Infusé de vitamines, minéraux , d'extraits d'eau de rose ,fruit de coco<!--more-->","Chic & Glamour by Eva vous propose un large choix de fixateur pour un fini mate et naturel de votre maquillage ( poudre compacte matifiante, poudre libre/ translucide, base matifiante et spray Finish HD) pour un look ZÉRO défaut qui tient toute la journée .\n\n\n\n\n",,,taxable,,1,,,0,0,,,,,1,,,15.00,"Makeup, Makeup > Teint > Spray fixateur, Makeup > Teint","brume matifiante, spray de finition, Spray fixateur maquillage",,"https://chicglambyeva.com/wp-content/uploads/2024/07/Photoroom-20240622_185632.png, https://chicglambyeva.com/wp-content/uploads/2024/07/Photoroom-20240622_172436.png, https://chicglambyeva.com/wp-content/uploads/2024/07/Photoroom-20240622_154022.png, https://chicglambyeva.com/wp-content/uploads/2024/07/Photoroom-20240622_175316.png",,,,,,,,,0,,,,,
4508,variable,,"FLAWLESS FINISH concealer",1,0,visible,"Notre concealer/ correcteur FLAWLESSFINISH riche en pigments est un incontournable du maquillage. Sa formule 95% d'origine naturelle enrichie en actifs hydratants ( glycérine) infusée en eau ,aloès véra , camomille et centellia ( aux propriétés antioxydant) offre une couvrance idéale.\nGrâce à sa texture fluide, il corrige toutes les imperfections du visage et camoufle les cernes, rougeurs, taches de naissance et tatouages. Le FLAWLESS FINISH est multi-usages , il sert à la fois Anti-cernes et fond de teint.\n\nLe plus ? Son embout en mousse qui estompe la matière tout en illuminant votre visage et adoucit l'apparence des rides et ridules.\n\nCertifié vegan et écologique.","Notre concealer/ correcteur FLAWLESSFINISH riche en pigments est un incontournable du maquillage. Sa formule 95% d'origine naturelle enrichie en actifs hydratants ( glycérine) infusée en eau ,aloès véra , camomille et centellia ( aux propriétés antioxydant) offre une couvrance idéale.\nGrâce à sa texture fluide, il corrige toutes les imperfections du visage et camoufle les cernes, rougeurs, taches de naissance et tatouages. Le FLAWLESS FINISH est multi-usages , il sert à la fois Anti-cernes et fond de teint.\n\nLe plus ? Son embout en mousse qui estompe la matière tout en illuminant votre visage et adoucit l'apparence des rides et ridules.\n\nCertifié vegan et écologique.",,,taxable,,1,,,0,0,,,,,1,,,,"Makeup > Teint > Fond de teint, Makeup > Teint",,,"https://chicglambyeva.com/wp-content/uploads/2024/10/WhatsApp-Image-2024-10-12-at-00.08.02.jpeg, https://chicglambyeva.com/wp-content/uploads/2024/10/WhatsApp-Image-2024-10-07-at-18.03.29-5.jpeg, https://chicglambyeva.com/wp-content/uploads/2024/10/WhatsApp-Image-2024-10-07-at-18.03.29-4.jpeg, https://chicglambyeva.com/wp-content/uploads/2024/10/WhatsApp-Image-2024-10-07-at-18.03.29-3.jpeg, https://chicglambyeva.com/wp-content/uploads/2024/10/WhatsApp-Image-2024-10-07-at-18.03.29-2.jpeg, https://chicglambyeva.com/wp-content/uploads/2024/10/WhatsApp-Image-2024-10-07-at-18.03.29-1.jpeg, https://chicglambyeva.com/wp-content/uploads/2024/08/Photoroom-20240816_203209.png, https://chicglambyeva.com/wp-content/uploads/2024/10/WhatsApp-Image-2024-10-12-at-00.08.02.jpeg",,,,,,,,,0,"{""Color"":{""name"":""Color"",""type"":""color"",""terms"":{""#1"":{""name"":""#1"",""color"":""#d7bc9f"",""image"":"""",""show_tooltip"":"""",""tooltip_text"":"""",""tooltip_image"":"""",""image_size"":""""},""#2"":{""name"":""#2"",""color"":""#d8b075"",""image"":"""",""show_tooltip"":"""",""tooltip_text"":"""",""tooltip_image"":"""",""image_size"":""""},""#3"":{""name"":""#3"",""color"":""#d39f66"",""image"":"""",""show_tooltip"":"""",""tooltip_text"":"""",""tooltip_image"":"""",""image_size"":""""},""#4"":{""name"":""#4"",""color"":""#a0673c"",""image"":"""",""show_tooltip"":"""",""tooltip_text"":"""",""tooltip_image"":"""",""image_size"":""""},""#6"":{""name"":""#6"",""color"":""#9b4d29"",""image"":"""",""show_tooltip"":"""",""tooltip_text"":"""",""tooltip_image"":"""",""image_size"":""""},""#7"":{""name"":""#7"",""color"":""#8a5535"",""image"":"""",""show_tooltip"":"""",""tooltip_text"":"""",""tooltip_image"":"""",""image_size"":""""},""#8"":{""name"":""#8"",""color"":""#795038"",""image"":"""",""show_tooltip"":"""",""tooltip_text"":"""",""tooltip_image"":"""",""image_size"":""""},""#9"":{""name"":""#9"",""color"":""#5c4438"",""image"":"""",""show_tooltip"":"""",""tooltip_text"":"""",""tooltip_image"":"""",""image_size"":""""}}}}",Color,"#1, #2, #3, #4, #6, #7, #8, #9",1,1
4549,variation,,"FLAWLESS FINISH concealer - #1",1,0,visible,,,,,taxable,parent,1,,,0,0,,,,,0,,,12,,,,,,,id:4508,,,,,,1,,Color,#1,,1
4550,variation,,"FLAWLESS FINISH concealer - #2",1,0,visible,,,,,taxable,parent,1,,,0,0,,,,,0,,,12,,,,,,,id:4508,,,,,,2,,Color,#2,,1
4551,variation,,"FLAWLESS FINISH concealer - #3",1,0,visible,,,,,taxable,parent,1,,,0,0,,,,,0,,,12,,,,,,,id:4508,,,,,,3,,Color,#3,,1
4552,variation,,"FLAWLESS FINISH concealer - #4",1,0,visible,,,,,taxable,parent,1,,,0,0,,,,,0,,,12,,,,,,,id:4508,,,,,,4,,Color,#4,,1
4553,variation,,"FLAWLESS FINISH concealer - #6",1,0,visible,,,,,taxable,parent,1,,,0,0,,,,,0,,,12,,,,,,,id:4508,,,,,,5,,Color,#6,,1
4554,variation,,"FLAWLESS FINISH concealer - #7",1,0,visible,,,,,taxable,parent,1,,,0,0,,,,,0,,,12,,,,,,,id:4508,,,,,,6,,Color,#7,,1
4555,variation,,"FLAWLESS FINISH concealer - #8",1,0,visible,,,,,taxable,parent,1,,,0,0,,,,,0,,,12,,,,,,,id:4508,,,,,,7,,Color,#8,,1
4556,variation,,"FLAWLESS FINISH concealer - #9",1,0,visible,,,,,taxable,parent,1,,,0,0,,,,,0,,,12,,,,,,,id:4508,,,,,,8,,Color,#9,,1
